1992,11,12,6,1007.7,37.6,267.8,0.29,47
1992,11,12,12,1001.3,40.2,271.9,0.8100000000000001,47
1992,11,12,18,992,43.1,275.8,1.14,47
1992,11,13,0,980.4,44.7,278.6,1.24,47
1992,11,13,6,967.8,48.1,280.7,1.36,47
1992,11,13,12,960.4,50.9,282.2,1.48,47
1992,11,13,18,959.1,52.9,283.6,1.23,47
1992,11,14,0,961.4,54.1,285.6,1.12,47
1992,11,14,6,967.3,55.5,289.2,0.95,47
1992,11,14,12,967.4,57.3,294.1,0.9,47
1992,11,14,18,963.8,59.2,299.9,0.99,47
1992,11,15,0,967,61.5,305.2,0.8100000000000001,47
1992,11,15,6,967.2,62.7,324.8,0.41,47
1992,11,15,12,978.6,63.9,308.3,0.4,47
1992,11,15,18,985.5,66.3,311.3,0.06,47
1994,1,1,6,1013.8,49.2,248.6,-0.03,48
1994,1,1,12,1011.1,48.7,249.7,-0.13,48
1994,1,1,18,1007.5,48.2,249.6,-0.18,48
1994,1,2,0,1006.6,46.4,252.9,-0.09,48
1994,1,2,6,1007.7,43.2,257.3,-0.17,48
1994,1,2,12,1010.3,41.4,260.2,-0.04,48
1994,1,2,18,1011.2,40,263.7,0.03,48
1994,1,3,0,1011.6,38.6,267.1,-0.26,48
1994,1,3,6,1009.8,32.9,268.8,0.05,48
1994,1,3,12,1006.6,32.5,271.5,0.27,48
1994,1,3,18,1002.8,33.5,273.9,0.54,48
1994,1,4,0,999.4,33.7,276.5,1.08,48
1994,1,4,6,994.5,35.5,278.7,1.08,48
1994,1,4,12,989,38.3,283.8,1.29,48
1994,1,4,18,988.2,40.4,286.8,1.28,48
1994,1,5,0,990.9,42.8,290.6,0.85,48
1994,1,5,6,991.1,45.4,294,0.46,48
1994,1,5,12,989.5,47.1,295.5,0.28,48
1994,1,5,18,986.2,48.8,297.4,0.28,48
1994,1,6,0,984.1,51,299.8,0.53,48
1994,1,6,6,974.6,54,302.7,0.68,48
1994,1,6,12,964.9,55.6,302.2,1.03,48
1994,1,6,18,956.7,56.1,301.4,1.49,48
1994,1,7,0,961.6,55.7,303,1.45,48
1994,1,7,6,968,55.2,304.3,1.18,48
1994,1,7,12,971.3,54.7,306.5,0.91,48
1994,1,7,18,974.7,53.5,308.8,0.72,48
1994,11,5,6,1002.5,33,263.6,0.64,49
1994,11,5,12,1001,35.3,266,0.44,49
1994,11,5,18,998.5,37.6,268.6,0.28,49
1994,11,6,0,997.9,39.8,271.2,0.15,49
1994,11,6,6,998,42.1,274.1,0.23,49
1994,11,6,12,995.1,44.2,278.3,0.5,49
1994,11,6,18,991.5,46.4,282.8,0.75,49
1994,11,7,0,987.1,48,286.8,0.79,49
1994,11,7,6,985.5,48.5,291.1,1.03,49
1994,11,7,12,981.9,48.9,295.3,0.93,49
1994,11,7,18,977.9,49.6,298.2,1,49
1994,11,8,0,978.4,50,300.5,1.06,49
1994,11,8,6,976.8,49.9,303.2,0.93,49
1994,11,8,12,975.7,50.2,304.7,1.16,49
1994,11,8,18,973.4,49.7,307.5,1.13,49
1994,11,9,0,970.1,50.7,307.2,1.08,49
1994,11,9,6,971.7,50.5,305.3,0.93,49
1994,11,9,12,977.3,49.3,306.1,0.78,49
1994,11,26,0,1001.1,46.7,246.8,0.55,50
1994,11,26,6,1001.3,46.1,250,0.31,50
1994,11,26,12,1000.8,44.4,253.8,0.24,50
1994,11,26,18,997,40.1,256,0.95,50
1994,11,27,0,993.8,37.8,257.8,1.29,50
1994,11,27,6,993.5,37.6,260.3,1.29,50
1994,11,27,12,988.9,39.7,264.3,1.35,50
1994,11,27,18,986.7,41.4,267,1.67,50
1994,11,28,0,984.7,43.4,269.2,1.52,50
1994,11,28,6,979.6,45.2,270.7,1.32,50
1994,11,28,12,977,46.5,272.7,1.29,50
1994,11,28,18,980.2,47.5,275.4,1.25,50
1994,11,29,0,984.6,49.1,279.6,0.87,50
1994,11,29,6,987.2,50.3,282.8,0.48,50
1994,11,29,12,990,51.3,286.5,0.29,50
1994,11,29,18,990.9,51.4,290.1,0.17,50
1994,11,30,0,997.8,50.4,295.6,0.23,50
1994,12,9,18,1016.1,31.3,268,-0.29,51
1994,12,10,0,1014.2,31.5,268.2,-0.51,51
1994,12,10,6,1015.9,33,269.3,-0.6,51
1994,12,10,12,1012.8,34.6,271.5,-0.06,51
1994,12,10,18,1009.3,37.1,275.2,0.4,51
1994,12,11,0,1006.2,40.2,279,0.59,51
1994,12,11,6,1003.1,42.3,283.7,0.64,51
1994,12,11,12,1000.4,42.9,289.5,0.63,51
1994,12,11,18,995.5,45.1,293.1,0.67,51
1994,12,12,0,990.9,47.8,296.4,0.65,51
1994,12,12,6,984,50.1,299.6,0.75,51
1994,12,12,12,975.7,52.5,303.2,1.01,51
1994,12,12,18,964.4,55.3,305.9,1.2,51
1994,12,13,0,958.6,57,307,1.34,51
1994,12,13,6,960.1,58,307.5,1.32,51
1994,12,13,12,967.3,58.4,308.8,1.22,51
1994,12,13,18,970.5,58.7,310.5,1.03,51
1994,12,14,0,978.6,59.1,313.5,0.73,51
1994,12,14,6,982.5,59.9,317.2,0.48,51
1994,12,14,12,983,61.5,320.9,0.25,51
1994,12,14,18,979.2,63,324.2,0.1,51
1994,12,15,0,976.6,64.2,326.8,0.16,51
1994,12,15,6,973,65.4,330.1,0.21,51
1994,12,15,12,970.3,66.5,332.8,0.18,51
1994,12,15,18,971.3,67,333.6,0.11,51
1994,12,16,0,979.2,65.7,328.5,0.13,51
1994,12,20,12,1012.5,23.7,266.7,-0.45,52
1994,12,20,18,1012.3,24,270.9,-0.39,52
1994,12,21,0,1012,24.8,273,-0.22,52
1994,12,21,6,1012.8,24.8,274.6,-0.16,52
1994,12,21,12,1010.4,25.2,275.9,0.07000000000000001,52
1994,12,21,18,1009.2,25.7,280,0.38,52
1994,12,22,0,1005.4,26.2,282.4,0.67,52
1994,12,22,6,1002.4,27.3,284.2,0.8100000000000001,52
1994,12,22,12,997.4,28.2,286.2,1.07,52
1994,12,22,18,995,29.7,287.9,1.08,52
1994,12,23,0,990.5,31.6,288.9,1.17,52
1994,12,23,6,990,33.6,289.5,1.03,52
1994,12,23,12,985.8,35.8,289.9,1.11,52
1994,12,23,18,986.7,37.3,290,1,52
1994,12,24,0,988.1,38.6,289.8,1.16,52
1994,12,24,6,988.7,38.5,288.9,1.1,52
1994,12,24,12,987.8,38.1,287.9,0.87,52
1994,12,24,18,987.3,36.6,288.5,1.21,52
1994,12,25,0,988.2,37.3,290.2,1.11,52
1994,12,25,6,989.9,38.7,291.8,0.78,52
1994,12,25,12,990.7,40.7,294.8,0.63,52
1994,12,25,18,991.3,42.4,298.1,0.48,52
1994,12,26,0,989.9,44.7,303.6,0.45,52
1994,12,26,6,984.3,47.2,310.1,0.38,52
1994,12,26,12,979.8,48.6,313.5,0.26,52
1994,12,26,18,975,49.6,317,0.4,52
1994,12,27,0,969.6,50.3,319.1,0.43,52
1994,12,27,6,961.6,51,321.8,0.63,52
1994,12,27,12,955,52.2,323.6,0.64,52
1994,12,27,18,944.5,53.2,325.4,0.8,52
1994,12,28,0,938.2,53.6,326.9,0.89,52
1994,12,28,6,939.1,53.8,329,0.93,52
1994,12,28,12,941.7,54.3,331.7,0.87,52
1994,12,28,18,944.6,55,334.4,0.8100000000000001,52
1994,12,29,0,947,55.4,337.5,0.85,52
1994,12,29,6,950.5,55.9,341.1,0.8,52
1994,12,29,12,954.9,56.6,345.1,0.6899999999999999,52
1994,12,29,18,956,57.4,348.8,0.64,52
1994,12,30,0,958.5,57.7,351.3,0.5,52
1994,12,30,6,962.6,57.7,354.3,0.42,52
1994,12,30,12,966.9,57.6,358.5,0.33,52
1994,12,30,18,967.6,57.5,2.3,0.27,52
1994,12,31,0,969.7,57.6,6.1,0.22,52
1994,12,31,6,970.1,58,9.8,0.13,52
1994,12,31,12,970.8,58.7,13.1,0.03,52
1994,12,31,18,971.8,59.4,15.4,-0.05,52
1995,1,1,0,972.1,59.5,15.1,0.1,52
1995,1,1,6,972.1,59.4,14.8,0.22,52
1995,1,1,12,974.6,58.7,14.8,0.2,52
1995,1,1,18,979.1,57.9,15.8,0.2,52
1995,1,2,0,983.3,57.3,20.1,0.07000000000000001,52
1995,11,14,6,1008.9,33.2,284.6,-0.43,53
1995,11,14,12,1003.9,35.1,286.1,0.31,53
1995,11,14,18,997.1,37.2,286.6,0.71,53
1995,11,15,0,994.7,38.8,286.7,1.02,53
1995,11,15,6,992.8,40.5,285.8,1.2,53
1995,11,15,12,992.3,42.4,285.4,1.35,53
1995,11,15,18,991.2,45.4,285,1.38,53
1995,11,16,0,990.9,48.9,283.8,1.29,53
1995,11,16,6,990.6,51.7,282.5,1.14,53
1995,11,16,12,989.8,53.7,282,0.92,53
1995,11,16,18,992.3,55.5,282.1,0.71,53
1995,11,17,0,993.5,59.6,284.1,0.71,53
1995,11,17,6,990.8,61.8,284.9,0.58,53
1995,11,17,12,990,62.9,285.7,0.51,53
1995,11,17,18,988.2,64.3,286,0.4,53
1995,11,18,0,988.3,64.8,286.1,0.38,53
1995,11,18,6,988.4,65.1,286.7,0.38,53
1995,11,18,12,990.6,65.2,287.6,0.28,53
1995,11,18,18,992,65.2,288.4,0.29,53
1995,11,19,0,997.5,65.2,289.5,0.15,53
1995,11,19,6,1001.9,65.6,292.5,0.02,53
1995,11,19,12,1005.8,65,294.2,-0.14,53
1995,11,19,18,1006.6,67,297.7,-0.18,53
1995,11,20,0,1007.6,69.1,299.2,-0.25,53
1995,11,20,6,1008.6,74.9,294.4,-0.45,53
1996,1,5,18,1016,30.9,266.6,-0.52,54
1996,1,6,0,1014.9,31,267.8,-0.36,54
1996,1,6,6,1017.3,31.6,269.2,-0.31,54
1996,1,6,12,1016.5,31,270.3,-0.15,54
1996,1,6,18,1015.6,32.8,272.5,0.06,54
1996,1,7,0,1011.9,31.1,273.6,0.65,54
1996,1,7,6,1009.6,31.2,275.4,0.71,54
1996,1,7,12,1004,32,278.9,1.09,54
1996,1,7,18,998.4,34.2,283.5,1.23,54
1996,1,8,0,991.4,36.4,286,1.16,54
1996,1,8,6,987.4,37.9,286.9,1.04,54
1996,1,8,12,988.2,38.6,288.5,0.97,54
1996,1,8,18,986.7,38.9,290,0.93,54
1996,1,9,0,984.4,39.6,293.1,1.07,54
1996,1,9,6,974.7,41.7,299.9,1.05,54
1996,1,9,12,968.2,43.3,304.1,0.8,54
1996,1,9,18,965,45.1,307.8,0.76,54
1996,1,10,0,966.3,46.7,311.8,0.7,54
1996,1,10,6,961.8,48.8,316.7,0.58,54
1996,1,10,12,962.2,49.9,321.8,0.5,54
1996,1,10,18,960.6,51.3,328,0.47,54
1996,1,11,0,960.9,51.9,333.1,0.5,54
1996,1,11,6,962.8,52.6,336.4,0.4,54
1996,1,11,12,961,52.2,346.3,0.71,54
1996,1,18,6,987.2,43,268.1,2.01,55
1996,1,18,12,988.6,44.5,270.8,1.93,55
1996,1,18,18,987.2,42.1,271.6,2.38,55
1996,1,19,0,984.3,44.3,274,1.91,55
1996,1,19,6,986.3,45.6,276.6,1.73,55
1996,1,19,12,985.8,46.7,280.6,1.72,55
1996,1,19,18,983.7,52.4,285.1,1.35,55
1996,1,20,0,980.5,53.9,287,1.14,55
1996,1,20,6,975.5,55.4,289.8,1.29,55
1996,1,20,12,968.4,58.1,292.4,1.27,55
1996,1,20,18,960.6,61.7,293.9,1.38,55
1996,1,21,0,958.2,63.1,292.6,1.67,55
1996,1,21,6,963.5,63.9,294.1,1.53,55
1996,1,21,12,971.2,65.6,296.8,1.5,55
1996,1,26,12,1003.7,38.2,266.4,0.83,56
1996,1,26,18,998.4,40.2,268.3,0.87,56
1996,1,27,0,994.4,42.2,270.8,1.02,56
1996,1,27,6,993.5,44.2,273.3,1.18,56
1996,1,27,12,988.6,45.7,275.8,1.6,56
1996,1,27,18,984.3,48.2,280.9,1.99,56
1996,1,28,0,980.7,51.2,284.2,1.61,56
1996,1,28,6,981.9,54.1,287.4,1.32,56
1996,1,28,12,982.8,56.5,290.4,1.21,56
1996,1,28,18,984.4,58.4,293.6,1.11,56
1996,1,29,0,985.5,61.6,294.7,1.12,56
1996,1,29,6,987.8,64,295.4,1.09,56
1996,1,29,12,993.6,65.8,295.7,1.03,56
1996,1,29,18,998.8,67.8,295.7,1.06,56
1996,1,30,0,1003.8,71.5,297.7,0.91,56
1996,1,30,6,1005,74.5,294.4,0.68,56
1996,3,17,12,1009.7,41.4,255.3,0.02,57
1996,3,17,18,1002.4,35.2,255.5,0.04,57
1996,3,18,0,998.2,32.3,256.8,0.2,57
1996,3,18,6,1002.1,30.6,262.4,-0.18,57
1996,3,18,12,1002.4,32.2,266.8,0.03,57
1996,3,18,18,999.7,32.7,269.3,0.53,57
1996,3,19,0,993.1,33.6,272.4,0.77,57
1996,3,19,6,990,35.2,274.4,0.71,57
1996,3,19,12,987.4,37.3,276,0.87,57
1996,3,19,18,988.2,38.7,277.8,1.3,57
1996,3,20,0,984.4,40,280.6,1.45,57
1996,3,20,6,985,40.8,280.3,1.4,57
1996,3,20,12,987.5,41.2,280.2,1.37,57
1996,3,20,18,990.2,41.6,280.9,1.35,57
1996,3,21,0,993.5,42,282.2,1,57
1996,3,21,6,995.3,42.8,283.5,0.7,57
1996,3,21,12,996,43.9,285.1,0.61,57
1996,3,21,18,995.6,45.4,286.6,0.5600000000000001,57
1996,3,22,0,996.9,47.3,288.1,0.5,57
1996,3,22,6,995.7,47.8,289.1,0.37,57
1996,11,16,18,1000.7,41.9,264.2,1.04,58
1996,11,17,0,1002,44.3,265.6,1,58
1996,11,17,6,999.3,47,266.5,0.73,58
1996,11,17,12,993.9,48.7,267.1,1.04,58
1996,11,17,18,992.6,50.2,268.3,1.25,58
1996,11,18,0,996,51.9,270.6,1.14,58
1996,11,18,6,996.2,53.7,273,1.24,58
1996,11,18,12,995.7,54.7,274.3,0.99,58
1996,11,18,18,995.9,55.9,274.9,0.93,58
1996,11,19,0,996.6,56.6,274.6,0.83,58
1996,11,19,6,999.2,57.4,274,0.7,58
1996,11,19,12,1004.1,58,273.2,0.48,58
1996,11,19,18,1007.8,59,271.4,0.35,58
1996,11,20,0,1012.3,59.6,269.9,0.04,58
1996,11,20,6,1016.1,60.4,267.6,-0.18,58
1996,11,20,12,1018.3,61.3,264.7,-0.29,58
1996,11,20,18,1020,62,262.1,-0.25,58
1996,11,21,0,1021.6,62.3,261.1,-0.28,58
1996,11,21,6,1023.1,62.3,261.1,-0.18,58
1996,12,30,0,1005.1,48,292.3,0.05,59
1996,12,30,6,994,48.7,296.8,0.25,59
1996,12,30,12,982.7,50,300.7,0.5,59
1996,12,30,18,967.7,51.4,303.8,0.79,59
1996,12,31,0,955.4,53.2,305.2,1.11,59
1996,12,31,6,952.7,54.1,305.2,1.4,59
1996,12,31,12,952.6,54.7,304.7,1.39,59
1996,12,31,18,956,54.8,304.2,1.49,59
1997,1,1,0,961.5,55,303.9,1.35,59
1997,1,1,6,967.6,55.1,303.9,1.07,59
1997,1,1,12,974.2,55.4,303.7,0.75,59
1997,1,1,18,979.5,55.8,303.7,0.42,59
1997,1,2,0,985.9,56.3,303.8,0.13,59
1997,1,2,6,989.8,57.5,303.2,0.15,59
1997,2,18,12,1009.8,32.7,253.6,0.73,60
1997,2,18,18,1008.7,30.9,253.9,0.8,60
1997,2,19,0,1003.9,30.1,255.5,0.72,60
1997,2,19,6,1010.9,31.5,256.2,0.6,60
1997,2,19,12,1010.3,28.2,257.2,0.38,60
1997,2,19,18,1007.7,27.1,256.4,0.43,60
1997,2,20,0,1001.5,27.1,257.3,0.5600000000000001,60
1997,2,20,6,1005.6,28.5,258.4,0.68,60
1997,2,20,12,1003.5,30.9,259.2,0.66,60
1997,2,20,18,1001.9,32.8,259.9,1,60
1997,2,21,0,996.8,34.4,262.7,1.26,60
1997,2,21,6,995.2,36.2,264.7,1.29,60
1997,2,21,12,994.1,37.9,268.3,1.5,60
1997,2,21,18,994.6,40.2,272.4,1.51,60
1997,2,22,0,994.4,41.4,275.9,1.18,60
1997,2,22,6,993.2,42.4,279.5,0.97,60
1997,2,22,12,993.3,43.6,283.3,0.83,60
1997,2,22,18,992.9,44.8,287.4,0.76,60
1997,2,23,0,997.5,44.6,292.6,0.68,60
1997,2,23,6,994.5,46.7,299.3,0.37,60
1997,2,23,12,995.9,47.7,303.2,0.18,60
1997,2,23,18,990,48.8,309.8,0.22,60
1997,2,24,0,986.5,50,315.1,0.19,60
1997,2,24,6,983.7,50.7,320.3,0.22,60
1997,2,24,12,982.2,50.9,322.8,0.09,60
1997,2,24,18,982.6,50.8,324.1,0.04,60
1997,3,5,0,1009.1,34.9,266.4,0.05,61
1997,3,5,6,1012.6,34.8,267.5,0.11,61
1997,3,5,12,1012.7,36.2,271.3,-0.17,61
1997,3,5,18,1009.7,37.7,275.5,-0.18,61
1997,3,6,0,1004.7,39.7,279.3,0.02,61
1997,3,6,6,999.5,40.9,283.6,0.34,61
1997,3,6,12,989.4,42.4,289.1,0.8,61
1997,3,6,18,975.1,44.1,293,1.01,61
1997,3,7,0,966,45.8,297.5,1.33,61
1997,3,7,6,960,47.3,300.9,1.23,61
1997,3,7,12,962.3,48.9,305.5,1.24,61
1997,3,7,18,955.2,53.2,311.8,1.3,61
1997,3,8,0,956.9,54.9,315.3,1.27,61
1997,3,8,6,957.5,57.7,319.7,1.49,61
1997,3,8,12,957.4,62.5,325.7,1.17,61
1997,3,8,18,957.3,64.8,329,0.97,61
1997,3,9,0,961.3,66.6,331.7,0.84,61
1997,3,9,6,972,65.9,326.1,0.3,61
1997,3,9,12,979.7,66.4,326.2,0.08,61
1997,3,9,18,983.6,65.7,325.3,-0.27,61
1997,3,10,0,988.1,63.8,325.4,-0.23,61
1997,3,10,6,988.5,65.7,329.4,-0.2,61
1997,3,10,12,985.9,67.1,333.1,0.09,61
1997,3,10,18,987,68.1,337.9,0.38,61
1998,1,24,0,1011.7,39.4,284.5,0.19,62
1998,1,24,6,1009.3,39.8,286.3,0.25,62
1998,1,24,12,1006,38.8,287,0.37,62
1998,1,24,18,1002.8,40.6,289.3,0.31,62
1998,1,25,0,1000.1,43.1,291.9,0.49,62
1998,1,25,6,997.5,45.7,294.5,0.49,62
1998,1,25,12,989.2,43.3,294.9,1,62
1998,1,25,18,980.6,46.8,297.7,1.08,62
1998,1,26,0,974,50.2,299.9,1.13,62
1998,1,26,6,970.7,53,301.6,1.15,62
1998,1,26,12,966.1,56.1,302,1.26,62
1998,1,26,18,964.7,58.1,301.2,1.38,62
1998,1,27,0,969.2,59.9,300,1.36,62
1998,1,27,6,973.9,61.1,298.9,1.24,62
1998,1,27,12,977,62.3,298.1,0.92,62
1998,1,27,18,977.7,63.5,297.9,0.74,62
1998,1,28,0,979.3,64.9,297.9,0.65,62
1998,1,28,6,982.5,66.6,297.7,0.59,62
1998,1,28,12,986.6,68.2,296.8,0.64,62
1998,1,28,18,987.4,71.4,286.4,0.77,62
1998,1,29,0,990,71.4,275.1,0.78,62
1998,2,2,6,1001.5,26.8,267,0.75,63
1998,2,2,12,1000.6,26,270,1.34,63
1998,2,2,18,997.7,26,271.6,1.53,63
1998,2,3,0,998,27.9,273.7,1.62,63
1998,2,3,6,997.3,29.4,274.1,1.43,63
1998,2,3,12,993.3,29.4,274.3,1.69,63
1998,2,3,18,991.7,30.2,275.4,1.86,63
1998,2,4,0,992,31.1,276.8,1.51,63
1998,2,4,6,990.7,32,278.8,1.48,63
1998,2,4,12,987.2,32.9,280.7,1.52,63
1998,2,4,18,984.8,33.7,282.2,1.69,63
1998,2,5,0,985.6,34.7,284,1.44,63
1998,2,5,6,986,35.3,285.5,1.27,63
1998,2,5,12,986.1,35.8,287.1,1.05,63
1998,2,5,18,986.7,36.4,289.1,0.96,63
1998,2,6,0,986.8,36.8,291.8,0.89,63
1998,2,6,6,987.1,37.6,295.1,0.8,63
1998,2,6,12,987.8,38.4,297.9,0.62,63
1998,2,6,18,987.7,39.5,302,0.63,63
1998,2,7,0,987.4,42.2,309.3,0.53,63
1998,2,22,6,1002.5,28.3,266.6,0.62,64
1998,2,22,12,999.7,29.5,269.8,0.72,64
1998,2,22,18,1001.3,31.1,270.8,0.6899999999999999,64
1998,2,23,0,1000.7,32.5,272.8,0.47,64
1998,2,23,6,1001.4,33.5,275,0.43,64
1998,2,23,12,999.7,33.8,281.8,0.75,64
1998,2,23,18,997,35.1,284,0.8100000000000001,64
1998,2,24,0,992.5,36.6,286.1,0.88,64
1998,2,24,6,988.8,37.8,288,0.93,64
1998,2,24,12,985.5,38.7,289.6,1.28,64
1998,2,24,18,984.8,39.8,291.8,1.02,64
1998,2,25,0,982.7,40.5,292.5,1.29,64
1998,2,25,6,982.5,41.1,293.5,1.23,64
1998,2,25,12,985.2,41.2,295.5,1.23,64
1998,2,25,18,984,40.5,298.4,1.27,64
1998,2,26,0,983.7,40.7,299.3,1.17,64
1998,2,26,6,983.3,41.3,300.1,1.07,64
1998,2,26,12,985.1,42.7,300.2,0.87,64
1998,2,26,18,988.3,43.8,299.2,0.8,64
1998,2,27,0,990.8,43.2,300.7,0.6,64
1998,2,27,6,991.7,42.9,301.7,0.37,64
1998,2,27,12,992,41,303.2,0.31,64
1998,2,27,18,991.7,40.5,305.1,0.3,64
1998,2,28,0,991.3,39.5,306.8,0.33,64
1998,2,28,6,992.5,39.3,309.2,0.28,64
1998,2,28,12,992.6,38.9,310.1,0.37,64
1998,2,28,18,993,38.6,312.2,0.26,64
1998,3,1,0,992.2,38.2,314.6,0.37,64
1998,3,1,6,992,38.1,316.1,0.29,64
1998,3,1,12,992.4,38.2,317.5,0.25,64
1998,3,1,18,992.2,39,318.9,0.03,64
1998,3,2,0,993.6,39.6,320.7,0.07000000000000001,64
1998,3,2,6,993.7,42.3,325.6,-0.06,64
1998,3,2,12,995.6,42.8,327.2,-0.02,64
1998,3,2,18,993.7,45.3,333.8,0.2,64
1998,3,3,0,994.7,49.4,342.6,0.44,64
1998,3,3,6,987.8,52.7,351.1,0.7,64
1998,3,3,12,979.2,60.2,350.8,0.22,64
1998,3,8,0,994.4,34.8,266.5,1.01,65
1998,3,8,6,995.5,36.6,268.1,0.86,65
1998,3,8,12,993.1,38.2,269.6,1.09,65
1998,3,8,18,994.6,39.5,271.7,1.15,65
1998,3,9,0,993.6,40.2,273.9,1.14,65
1998,3,9,6,991.5,40,275.1,1.1,65
1998,3,9,12,988.3,41.7,277.2,1.25,65
1998,3,9,18,988.2,44,280.8,1.5,65
1998,3,10,0,990.6,46.8,285.3,1.6,65
1998,3,10,6,990.3,50.9,289.4,1.34,65
1998,3,10,12,988.7,48,290.3,1.34,65
1998,3,10,18,988.4,49.9,292.5,1.2,65
1998,3,11,0,990.2,51.3,294.7,0.9,65
1998,3,11,6,991.7,54.7,299.3,0.68,65
1998,3,11,12,991.9,59.2,303.9,0.46,65
1998,3,11,18,997.7,64.3,312.7,0.34,65
1998,3,12,0,1002,67.4,331.4,0.43,65
1998,3,12,6,989.2,74,353.9,0.51,65
1998,10,1,0,1005.8,45.7,283.9,-0.16,66
1998,10,1,6,1001.4,45.9,285.1,0.16,66
1998,10,1,12,996,46.6,288.8,0.47,66
1998,10,1,18,988.5,47.9,292.5,0.72,66
1998,10,2,0,981.3,49.4,295.1,0.83,66
1998,10,2,6,973.7,51.5,296.8,0.83,66
1998,10,2,12,969.6,53.3,297.2,1.16,66
1998,10,2,18,969.5,54.4,297.8,1.26,66
1998,10,3,0,972.7,54.9,298.7,1.35,66
1998,10,3,6,973.3,55,299.4,1.27,66
1998,10,3,12,974.5,55.7,300.7,1.2,66
1998,10,3,18,977.4,56,301.5,1.09,66
1998,10,4,0,977.6,56.8,303.2,1.02,66
1998,10,4,6,977.4,57.4,304.1,0.91,66
1998,10,4,12,978.8,58,304.3,0.97,66
1998,10,4,18,981.3,58.2,304.7,0.68,66
1998,10,5,0,984.3,57.9,305.8,0.52,66
1998,10,5,6,986,57.3,306,0.43,66
1998,10,5,12,988.8,56.5,307.4,0.37,66
1998,10,5,18,994.2,55.9,309,0.18,66
1998,10,6,0,997,55.5,309.8,0.2,66
1998,10,6,6,999.9,54.4,310.6,-0.02,66
1998,10,6,12,1003.5,52.3,311,-0,66
1999,2,11,0,996.7,49.9,264.4,0.9,67
1999,2,11,6,998.5,50.4,267,0.98,67
1999,2,11,12,999.4,47,269.9,1.26,67
1999,2,11,18,998.1,43.5,270.3,1.54,67
1999,2,12,0,990.8,45.7,272.9,1.42,67
1999,2,12,6,982,49.1,276,1.43,67
1999,2,12,12,975.3,51.6,278.5,1.41,67
1999,2,12,18,979.4,53.2,281.2,1.3,67
1999,2,13,0,987.5,53.9,283.4,0.88,67
1999,2,13,6,989.9,54.3,291,0.44,67
1999,2,13,12,991.4,54.4,295.9,0.25,67
1999,2,13,18,988.4,56.7,301.4,0.22,67
1999,2,14,0,984.6,59.3,305.5,0.37,67
1999,2,14,6,983.9,61.4,309.3,0.33,67
1999,2,14,12,987.5,63.2,314.3,0.26,67
1999,10,12,12,1008.2,48.2,266.9,-0.01,68
1999,10,12,18,1006,48.1,270.8,-0.21,68
1999,10,13,0,1005.9,48.1,274.5,-0.01,68
1999,10,13,6,1004.9,48,277.8,0.16,68
1999,10,13,12,1005.4,44.7,278,0.44,68
1999,10,13,18,1003.6,43.8,280.1,0.47,68
1999,10,14,0,1000,43.4,282.9,0.75,68
1999,10,14,6,998.3,42.9,286.8,1.01,68
1999,10,14,12,992.6,43.2,291,1.19,68
1999,10,14,18,985.2,45.6,295.4,1.39,68
1999,10,15,0,977.3,48.6,299.2,1.46,68
1999,10,15,6,969.9,51.2,302.1,1.57,68
1999,10,15,12,966.9,53.3,304.5,1.62,68
1999,10,15,18,964.7,54.8,306.1,1.66,68
1999,10,16,0,964.9,55.5,307.9,1.67,68
1999,10,16,6,965.3,55.8,309.7,1.66,68
1999,10,16,12,971.2,56.5,310.8,1.44,68
1999,10,16,18,973.9,56.9,311.4,1.22,68
1999,10,17,0,977.3,57.2,312,0.9399999999999999,68
1999,10,17,6,981.8,57.3,312.8,0.57,68
1999,10,17,12,984.5,57.4,313.5,0.31,68
1999,10,17,18,986.1,57.8,313.9,0.15,68
1999,10,18,0,987.5,58,313.8,0.1,68
1999,10,18,6,987.6,58.2,313.1,0.02,68
1999,10,18,12,992.8,58.2,312.8,-0.21,68
1999,10,18,18,997.4,58.1,312.5,-0.45,68
1999,10,19,0,1000.3,57.6,312.1,-0.5600000000000001,68
1999,10,19,6,1000.6,56.5,311.2,-0.24,68
1999,11,1,18,1012.4,33.3,270.5,0.15,69
1999,11,2,0,1008.1,32.9,273.2,0.53,69
1999,11,2,6,1004,34.6,274.2,1.04,69
1999,11,2,12,1000.8,35.9,277.3,1.26,69
1999,11,2,18,994.3,38.3,280.5,1.29,69
1999,11,3,0,986.8,42.2,282.6,1.31,69
1999,11,3,6,986.2,45,283.6,1.14,69
1999,11,3,12,989.2,45.9,284.1,1.02,69
1999,11,3,18,988,47.3,284.3,0.9399999999999999,69
1999,11,4,0,987,49.4,285.4,0.74,69
1999,11,4,6,984.6,50.8,285.3,0.74,69
1999,11,4,12,984.7,52.3,286.1,0.61,69
1999,11,4,18,984,54,288.1,0.55,69
1999,11,5,0,985.1,54.9,291.8,0.47,69
1999,11,5,6,975.8,58,300,0.37,69
1999,11,5,12,972.4,58.4,302.5,0.51,69
1999,11,5,18,970.8,58.8,304.8,0.54,69
1999,11,6,0,975.8,58.3,307.8,0.38,69
1999,11,6,6,980.2,58,311.7,0.19,69
2000,1,23,6,1011.1,32.5,269.5,-0.16,70
2000,1,23,12,1011.8,32.1,272.6,-0.16,70
2000,1,23,18,1013.4,32.3,275.8,-0.14,70
2000,1,24,0,1011.7,30.6,272.4,-0.37,70
2000,1,24,6,1010.8,30,274.7,-0.07000000000000001,70
2000,1,24,12,1007.2,30.7,278.9,0.61,70
2000,1,24,18,1001.4,30.7,282.4,1.27,70
2000,1,25,0,992.4,32.7,283.9,1.33,70
2000,1,25,6,986.8,34.8,285.4,1.25,70
2000,1,25,12,985.2,36.5,286.5,1.23,70
2000,1,25,18,981.7,38.1,286.9,1.12,70
2000,1,26,0,982.3,40,288.4,1.29,70
2000,1,26,6,986.5,42.5,290,0.9399999999999999,70
2000,1,26,12,991,45.3,291.2,0.72,70
2000,1,26,18,995.8,48.4,293.5,0.41,70
2000,1,27,0,1000.7,49.5,294.6,0.27,70
2000,12,11,6,1011.9,36.2,265.8,-0.29,71
2000,12,11,12,1007.9,37.9,268.7,-0.06,71
2000,12,11,18,1003.8,39.5,271.7,0.32,71
2000,12,12,0,998.1,40.8,275.3,0.49,71
2000,12,12,6,989.6,42.6,279.7,0.6,71
2000,12,12,12,988,44.4,286,1.01,71
2000,12,12,18,981,47.4,293.3,1.09,71
2000,12,13,0,973.9,50.1,298,1.12,71
2000,12,13,6,968.5,53.7,302.2,1.11,71
2000,12,13,12,963.3,56.8,304.1,1.13,71
2000,12,13,18,965.3,58.5,305.5,1.25,71
2000,12,14,0,965.8,60,306.6,1.32,71
2000,12,14,6,968.1,61.2,306.3,1.38,71
2000,12,14,12,969.3,63.1,303.5,1.24,71
2000,12,14,18,970.4,63.3,302.5,1.07,71
2000,12,15,0,975.4,62.5,302.9,0.88,71
2000,12,15,6,978.9,62.3,304.5,0.61,71
2000,12,15,12,980,62.2,305.9,0.34,71
2000,12,15,18,983.4,62.4,307,0.13,71
2000,12,16,0,987.9,63.1,306.5,0.18,71
2000,12,16,6,990.5,64.2,305.4,0.16,71
2000,12,16,12,993.9,65.2,303.7,0.2,71
2000,12,16,18,996.6,64.8,304.4,0.16,71
2000,12,17,0,1001.5,64.5,304.8,0.19,71
2001,2,8,12,1010,40.7,267.1,0.29,72
2001,2,8,18,1011.5,41.3,267.5,0.24,72
2001,2,9,0,1009.7,41.8,268.9,0.51,72
2001,2,9,6,1006.4,43.1,270.9,0.75,72
2001,2,9,12,1002.2,43.5,272.8,0.97,72
2001,2,9,18,997.5,44.7,276.2,1.14,72
2001,2,10,0,992.8,45.9,280.6,1.09,72
2001,2,10,6,985,47.2,284.5,1.23,72
2001,2,10,12,975.8,48.9,289,1.3,72
2001,2,10,18,971.9,49.7,293.9,1.28,72
2001,2,11,0,970.9,50.5,298.1,1.07,72
2001,2,11,6,967.4,51.6,300.2,1,72
2001,2,11,12,965.7,51.8,302.1,0.96,72
2001,2,11,18,967.2,51.9,304.7,1.08,72
2001,2,12,0,969,52.6,308,0.9399999999999999,72
2001,2,12,6,970.4,53.6,311,0.85,72
2001,2,12,12,976.3,53.3,313.6,0.67,72
2001,2,24,0,994.6,42.6,251.7,0.35,73
2001,2,24,6,995,37.5,257.3,0.88,73
2001,2,24,12,993.4,37.2,259,0.87,73
2001,2,24,18,993.5,37.9,260.7,1.21,73
2001,2,25,0,992.5,40.8,265.4,1.33,73
2001,2,25,6,988.2,43.6,267.9,1.09,73
2001,2,25,12,984,46.1,271.4,1.36,73
2001,2,25,18,984,47.8,276,1.37,73
2001,2,26,0,986.4,49.6,280.8,1.16,73
2001,2,26,6,991.4,51,284,0.77,73
2001,2,26,12,997.5,53.4,286.4,0.42,73
2001,2,26,18,1001.4,55.7,289,-0.06,73
2001,2,27,0,1005.1,57.6,291.7,-0.21,73
2001,2,27,6,1006,59.4,294.2,-0.34,73
2001,2,27,12,1006.6,60.9,295.6,-0.35,73
2001,11,23,12,990.7,37.7,259.8,0.45,74
2001,11,23,18,989.1,38.8,261.3,0.58,74
2001,11,24,0,989.2,40.2,262.3,0.5600000000000001,74
2001,11,24,6,990.1,40.2,263.1,0.55,74
2001,11,24,12,985.9,40.8,264.8,0.79,74
2001,11,24,18,985.1,42.5,266.3,1.02,74
2001,11,25,0,988.9,44.7,268.1,1.18,74
2001,11,25,6,989.7,46.1,269.6,1.12,74
2001,11,25,12,992.4,46.9,271.7,1.17,74
2001,11,25,18,997.7,49.2,277.6,1.38,74
2001,11,26,0,999,51.2,282.3,1.06,74
2001,11,26,6,1000.1,52.1,285.5,0.71,74
2001,11,26,12,1002.6,52.8,290,0.38,74
2001,11,26,18,1003.1,53.3,294.6,0.16,74
2001,11,27,0,1003.5,54.2,302.2,-0.04,74
2001,11,27,6,1001.2,55.2,308.6,-0.03,74
2001,11,27,12,997.5,58.7,319.3,-0.02,74
2002,3,9,6,998.4,43.2,268.3,1.28,75
2002,3,9,12,993.5,45.3,270.8,1.39,75
2002,3,9,18,988.1,47.1,273.8,1.91,75
2002,3,10,0,983.2,49.1,277.6,2.11,75
2002,3,10,6,975.8,51.6,280.5,2.14,75
2002,3,10,12,971.8,54,282.5,1.78,75
2002,3,10,18,974.7,55.4,284.1,1.7,75
2002,3,11,0,975.9,56.9,288.8,1.3,75
2002,3,11,6,971.7,58.4,293.8,1.21,75
2002,3,11,12,969.3,59.7,295.4,1.19,75
2002,3,11,18,962.9,61,298,1.37,75
2002,3,12,0,963.9,61.9,297.3,1.28,75
2002,3,12,6,968.9,62.1,297.3,1.18,75
2002,3,12,12,974.2,62.4,299.9,1.01,75
2002,3,12,18,978.1,63.4,301.6,0.78,75
2002,3,13,0,981.9,64.8,303.2,0.46,75
2002,3,13,6,984.5,65.8,303.4,0.21,75
2002,10,3,6,1006.6,31.7,255.7,0.18,76
2002,10,3,12,1008,32.7,256.1,0,76
2002,10,3,18,1006.8,34.6,256.3,0.14,76
2002,10,4,0,1002.7,37.3,259.3,0.37,76
2002,10,4,6,999.6,41.6,263.5,0.31,76
2002,10,4,12,993.8,44.2,267.2,0.65,76
2002,10,4,18,988,46.1,271.9,1.22,76
2002,10,5,0,981.2,48.9,278.1,1.15,76
2002,10,5,6,972.1,51.9,284.3,0.96,76
2002,10,5,12,966.3,54.4,289.8,1.13,76
2002,10,5,18,968.2,56.1,295.9,1.22,76
2002,10,6,0,969.4,57.4,300,1.16,76
2002,10,6,6,961.9,58.3,301.6,1.24,76
2002,10,6,12,962.6,58.4,303.5,1.25,76
2002,10,6,18,966,58.4,307,1.21,76
2002,10,7,0,973,58.4,311.4,1.11,76
2002,10,7,6,975.2,58.6,316.6,1.03,76
2002,10,7,12,978.1,59,320,0.8100000000000001,76
2002,10,7,18,980.6,58.9,322.9,0.66,76
2002,10,8,0,984.2,58.7,327.7,0.37,76
2002,10,8,6,987.2,58.4,330.9,0.17,76
2002,10,8,12,991.1,57.6,333.9,-0.04,76
2002,10,8,18,995.7,58.1,335.2,-0.29,76
2002,11,5,0,1008.1,27.7,265.2,-0.14,77
2002,11,5,6,1008.3,30.5,266.5,0.12,77
2002,11,5,12,1006.1,33.3,269,0.41,77
2002,11,5,18,1003.1,37.2,272.6,0.41,77
2002,11,6,0,1001.1,39.6,276.3,0.29,77
2002,11,6,6,1001.2,41.3,279.3,0.46,77
2002,11,6,12,994.8,39.3,287.2,0.6899999999999999,77
2002,11,6,18,988.1,40.1,290.4,0.99,77
2002,11,7,0,981.8,40.9,293,1.09,77
2002,11,7,6,972.8,41.2,297.2,1.39,77
2002,11,7,12,967.6,42.5,301.8,1.22,77
2002,11,7,18,961.6,44,306.1,1.37,77
2002,11,8,0,963.8,46.1,311,1.3,77
2002,11,8,6,963.6,50.3,315.9,1.18,77
2002,11,8,12,963.8,53.7,317.1,1.04,77
2002,11,8,18,963.1,55.2,318.3,1.09,77
2002,11,9,0,967.4,55.9,317.9,0.85,77
2002,11,9,6,966.9,56.1,319.2,0.88,77
2002,11,9,12,968.3,56.6,321.1,0.74,77
2002,11,9,18,970.6,56.7,323.6,0.72,77
2002,11,10,0,974.7,57.5,326.5,0.76,77
2002,11,10,6,977.4,57.8,331.6,0.78,77
2002,11,10,12,972.6,59.3,342.6,0.5600000000000001,77
2002,12,24,6,1004.1,31.3,269,1.02,78
2002,12,24,12,1003.8,31.9,270.3,0.82,78
2002,12,24,18,1002,33.8,272.5,0.62,78
2002,12,25,0,1000.1,36.7,274.2,0.29,78
2002,12,25,6,997.2,38.6,276.3,0.12,78
2002,12,25,12,995.2,35.8,283.6,1.11,78
2002,12,25,18,983.6,38.5,287.9,1.05,78
2002,12,26,0,976,40.5,290.9,1.14,78
2002,12,26,6,972.7,41.4,293.2,1.4,78
2002,12,26,12,972.8,42.3,296.9,1.35,78
2002,12,26,18,969.6,43,300.9,1.37,78
2002,12,27,0,968,45.3,306,1.15,78
2002,12,27,6,959.3,48.2,309.7,1,78
2002,12,27,12,953.6,50.2,311,0.84,78
2002,12,27,18,951.6,50.5,311.1,0.77,78
2002,12,28,0,956.5,50.1,311.9,0.65,78
2002,12,28,6,957.3,49.8,313.3,0.49,78
2002,12,28,12,960.8,49.3,315.9,0.43,78
2002,12,28,18,961.5,49.9,318.6,0.3,78
2002,12,29,0,964.5,50.6,320.7,0.16,78
2002,12,29,6,965.5,51.3,322.1,0.13,78
2002,12,29,12,968.5,51.9,323.3,0.06,78
2002,12,29,18,969.8,53.1,324.9,-0.01,78
2002,12,30,0,973.6,54,325,-0.31,78
2002,12,30,6,975.5,54.8,322.1,-0.33,78
2002,12,30,12,977.4,54.2,319.5,-0.22,78
2002,12,30,18,977.2,53.7,318.9,-0.15,78
2002,12,31,0,980.2,52.7,319.4,-0.06,78
2002,12,31,6,980.7,52.6,319.4,-0.1,78
2003,2,21,12,1002.5,29.1,262.8,0.5600000000000001,79
2003,2,21,18,1000.4,30.4,264.4,0.73,79
2003,2,22,0,996.2,31.6,266.4,0.58,79
2003,2,22,6,994.1,33.1,268.1,0.58,79
2003,2,22,12,989.7,34.6,270.9,0.84,79
2003,2,22,18,987.9,37,274.1,1.04,79
2003,2,23,0,986.4,39.2,277.6,1.16,79
2003,2,23,6,986.6,40.8,280.3,1.08,79
2003,2,23,12,985.5,41.9,283.7,1.32,79
2003,2,23,18,983.7,43.5,288.2,1.39,79
2003,2,24,0,977.9,45.7,293.4,1.23,79
2003,2,24,6,968.4,48.2,297.5,1.2,79
2003,2,24,12,966.3,49.9,301.2,1.05,79
2003,2,24,18,963.9,51.1,306.1,0.92,79
2003,2,25,0,961.4,52,309.3,0.84,79
2003,2,25,6,961.4,52.4,312,0.8100000000000001,79
2003,2,25,12,965.2,52.6,314.5,0.54,79
2003,2,25,18,965.7,52.8,317.1,0.41,79
2003,2,26,0,966.5,53.2,316.3,0.44,79
2003,2,26,6,962.9,53.5,315.1,0.61,79
2003,2,26,12,962.9,53.6,314.2,0.77,79
2003,2,26,18,962.7,53.5,313.8,0.88,79
2003,2,27,0,965.1,53.4,314.6,0.86,79
2003,2,27,6,967,53.4,314.6,0.82,79
2003,2,27,12,969,53.5,317.7,0.66,79
2003,2,27,18,968.4,53.7,319.9,0.5600000000000001,79
2003,2,28,0,969.8,54.2,322,0.49,79
2003,2,28,6,970.6,54.5,321.6,0.43,79
2003,2,28,12,969.1,57.5,324,0.3,79
2004,3,9,6,998.3,59,245.2,0.74,80
2004,3,9,12,995,58.7,251.8,0.66,80
2004,3,9,18,992.9,57.2,254,1.02,80
2004,3,10,0,993,54.8,258.1,1.32,80
2004,3,10,6,992.8,52.6,261.4,1.6,80
2004,3,10,12,992,51.4,265,1.81,80
2004,3,10,18,996,50.7,268.2,1.67,80
2004,3,11,0,1000,50,270.6,1.35,80
2004,3,11,6,1003,48.9,272.3,0.92,80
2004,3,11,12,1004.1,47.4,273.6,0.68,80
2004,3,11,18,1004.8,46.3,275.5,0.24,80
2004,3,12,0,1005.5,46.1,278.4,0.21,80
2004,3,12,6,1003.5,45.9,281.9,0.15,80
2004,3,12,12,1002,45.6,285.9,0.17,80
2004,3,19,0,985,52.2,246.2,0.9399999999999999,81
2004,3,19,6,988.1,51.9,250.4,1.05,81
2004,3,19,12,988.9,52.1,254.6,0.87,81
2004,3,19,18,992.4,51.6,259.7,1.23,81
2004,3,20,0,995.3,51.1,265,1.14,81
2004,3,20,6,998.6,50.6,270.6,1.24,81
2004,3,20,12,999.5,50.1,275.7,1.21,81
2004,3,20,18,1000.2,50,280,1.04,81
2004,3,21,0,1001.4,49.6,283.2,0.83,81
2004,3,21,6,1001.7,48,285.7,0.64,81
2004,3,21,12,1000.7,46.4,288.3,0.42,81
2004,3,21,18,996.5,45.7,292.3,0.29,81
2004,3,22,0,993.1,47.3,297,0.3,81
2004,3,22,6,989.4,51.2,300.7,0.4,81
2004,3,22,12,981.3,55.9,304,0.41,81
2004,3,22,18,974.6,58.2,304.8,0.7,81
2004,3,23,0,978.5,60,305.6,0.58,81
2004,3,23,6,981.9,62.5,306.9,0.75,81
2004,3,23,12,989.5,65.3,308.4,0.53,81
2005,2,23,0,1010.9,33.4,256.1,-0.29,82
2005,2,23,6,1013.3,32.1,256.9,-0.29,82
2005,2,23,12,1012.8,31,259.1,-0.48,82
2005,2,23,18,1012.5,31.6,264.1,-0.47,82
2005,2,24,0,1013.2,32.4,271.3,-0.45,82
2005,2,24,6,1011.8,33.3,274.3,-0.52,82
2005,2,24,12,1010.4,33.6,276.8,-0.29,82
2005,2,24,18,1009.5,34.7,284.1,-0.19,82
2005,2,25,0,1004.9,35.9,286.8,-0.09,82
2005,2,25,6,999.9,37.4,290.4,-0.03,82
2005,2,25,12,996,39,294.3,0.03,82
2005,2,25,18,991,40.5,298.3,0.01,82
2005,2,26,0,989,42.4,302.3,0.01,82
2005,2,26,6,986.4,45,305.5,0.13,82
2005,2,26,12,981.7,47.9,305.7,0.48,82
2005,2,26,18,970.9,50.1,304.9,1.02,82
2005,2,27,0,966.4,51.2,303,1.19,82
2005,2,27,6,966.2,52.3,301.2,1.53,82
2005,2,27,12,971.3,53.2,300,1.4,82
2005,2,27,18,976,54,298.5,1.42,82
2005,2,28,0,984.5,54.8,297.4,1.03,82
2005,2,28,6,990.5,56,295.9,0.82,82
2005,2,28,12,996.6,58.6,290.2,0.85,82
2005,2,28,18,1001.1,59.7,288,0.36,82
2005,3,1,0,1003.9,60.8,287.7,0.16,82
2005,11,20,12,1014,24.9,273.4,-0.46,83
2005,11,20,18,1014.1,26.7,274.1,-0.34,83
2005,11,21,0,1012.6,27.7,274.3,-0.33,83
2005,11,21,6,1010.9,29.5,275.6,-0.11,83
2005,11,21,12,1007.9,31.6,276.9,0.24,83
2005,11,21,18,1002,33.3,278.5,0.6899999999999999,83
2005,11,22,0,996.2,34.7,280.6,1.07,83
2005,11,22,6,989.2,36.7,284.1,1.26,83
2005,11,22,12,982.4,38.9,287,1.31,83
2005,11,22,18,973.3,41.6,289.6,1.54,83
2005,11,23,0,970.1,46,292.1,1.15,83
2005,11,23,6,968.3,49.5,293.1,1.06,83
2005,11,23,12,972.8,52.5,294.4,0.85,83
2005,11,23,18,976.8,57.8,294.5,0.98,83
2005,11,24,0,980.2,61.3,292.8,1.09,83
2005,11,24,6,984,64.1,288.8,1.21,83
2005,11,24,12,988.7,65.4,285.5,1.18,83
2005,11,24,18,990.5,65.2,282.5,1.04,83
2006,1,12,0,995.1,43.3,259.2,0.14,84
2006,1,12,6,998.8,40.1,259.2,0.51,84
2006,1,12,12,999.4,38.2,260,0.54,84
2006,1,12,18,999.1,37.5,262.8,0.74,84
2006,1,13,0,1001.2,38.6,266.9,0.62,84
2006,1,13,6,1001.4,38.6,269.3,0.75,84
2006,1,13,12,999.7,39.6,272.1,0.71,84
2006,1,13,18,997.7,40.3,274.6,0.68,84
2006,1,14,0,997.6,39.6,277.7,0.89,84
2006,1,14,6,991.9,40.5,281.1,0.89,84
2006,1,14,12,990.5,39.8,283.9,0.93,84
2006,1,14,18,987.6,38.5,286.2,1.26,84
2006,1,15,0,984.9,39.3,288.6,1.19,84
2006,1,15,6,982,40.2,290.6,1.34,84
2006,1,15,12,981.7,41.7,293,1.19,84
2006,1,15,18,981.3,43.3,295.4,1.16,84
2006,1,16,0,984.5,40.6,296,1.12,84
2006,1,16,6,984,42,298.2,1.14,84
2006,1,16,12,982.4,44.3,299.8,1.12,84
2006,1,16,18,978.4,46,301.2,1.31,84
2006,1,17,0,973.8,48.4,302.3,1.33,84
2006,1,17,6,970.4,50.1,304.5,1.46,84
2006,1,17,12,970,53,308.5,1.34,84
2006,1,17,18,967.1,57.7,315.6,1.2,84
2006,1,18,0,964.6,61.2,324.3,0.76,84
2006,1,18,6,962.9,61.9,327,0.51,84
2006,1,18,12,963.7,62.1,329.6,0.5,84
2006,1,18,18,966.2,62.7,332.3,0.32,84
2006,1,19,0,967.7,63.1,331.2,0.25,84
2006,1,19,6,964.3,62.6,331.4,0.22,84
2006,1,19,12,965.6,62,334.4,0.21,84
2006,1,19,18,971.3,63.3,346.7,0.5600000000000001,84
2006,1,20,0,967.6,66.1,352.1,0.89,84
2006,1,20,6,968.1,67.6,352.2,0.83,84
2006,1,20,12,973.9,69,353.9,0.78,84
2006,1,20,18,978.2,70.2,353.9,0.67,84
2006,1,21,0,981.1,71.1,353.8,0.68,84
2006,1,21,6,982.7,72.5,353.5,0.6,84
2006,1,21,12,986.3,73.3,354,0.66,84
2006,1,21,18,983.9,74.4,353.5,0.54,84
2006,1,22,0,982.8,75.6,352.8,0.6899999999999999,84
2006,1,22,6,983.5,76.6,354,0.74,84
2006,1,14,0,1002.2,50.2,247.5,-0.2,85
2006,1,14,6,1001.4,50.1,248.6,-0.18,85
2006,1,14,12,999.9,49.9,247.7,-0.2,85
2006,1,14,18,999,49.1,248.2,-0.15,85
2006,1,15,0,994.8,48.2,248.4,-0.08,85
2006,1,15,6,995,47.7,251.6,0,85
2006,1,15,12,994.5,44.6,257.1,0.28,85
2006,1,15,18,993.8,43.1,259.1,0.61,85
2006,1,16,0,994.3,41.1,260.7,0.7,85
2006,1,16,6,995.3,40.7,263.6,0.72,85
2006,1,16,12,998.4,40.3,266.6,0.58,85
2006,1,16,18,999.7,39.8,268.8,0.47,85
2006,1,17,0,1001,39.6,270.4,0.33,85
2006,1,17,6,1001.3,40.4,272.2,0.24,85
2006,1,17,12,1000,39.1,273.8,0.34,85
2006,1,17,18,996,41.2,275.4,0.49,85
2006,1,18,0,994.4,43.5,276.7,0.67,85
2006,1,18,6,991.9,44.3,278,0.89,85
2006,1,18,12,989.1,44.7,281.1,1.18,85
2006,1,18,18,985.1,46.6,284.3,1.46,85
2006,1,19,0,978.5,48.3,288.5,1.44,85
2006,1,19,6,971.5,50.9,292.7,1.3,85
2006,1,19,12,965,53.9,297.4,1.26,85
2006,1,19,18,961,57.1,301.8,1.2,85
2006,1,20,0,961.4,59.5,303.9,0.9399999999999999,85
2006,1,20,6,960.8,61.1,304.6,0.95,85
2006,1,20,12,962.7,61.9,305.4,0.74,85
2006,1,20,18,967.4,62.2,305.9,0.5,85
2006,1,21,0,972.3,62.7,306.8,0.23,85
2006,1,21,6,977.2,63.6,306.9,-0.09,85
2006,1,21,12,981.6,64.3,307.4,-0.23,85
2006,1,21,18,985.2,66,307.4,-0.36,85
2006,1,22,0,987.6,67.8,306.4,-0.41,85
2006,1,22,6,990.7,68.8,305.4,-0.53,85
2006,1,22,12,994.9,71.1,302.5,-0.5600000000000001,85
2006,10,25,6,1003.5,45.4,252.1,0.27,86
2006,10,25,12,1004.8,43.7,253.4,0.11,86
2006,10,25,18,1002.8,41.2,255.5,0.33,86
2006,10,26,0,1000.7,37.7,258.1,0.58,86
2006,10,26,6,1004.1,36.8,259.3,0.42,86
2006,10,26,12,1005.6,36.6,260.1,0.33,86
2006,10,26,18,1004.7,36.4,260.5,0.67,86
2006,10,27,0,1003.2,35.8,262.3,0.49,86
2006,10,27,6,1003.2,35.5,264.8,0.75,86
2006,10,27,12,1001,35.2,268.5,0.91,86
2006,10,27,18,998.8,36.1,271.2,1.09,86
2006,10,28,0,997,37.6,274.7,1.1,86
2006,10,28,6,994.6,39.9,278.5,0.99,86
2006,10,28,12,988.4,42.9,281.7,1.02,86
2006,10,28,18,982.2,45.1,283.4,1.29,86
2006,10,29,0,977.9,46.9,284.3,1.27,86
2006,10,29,6,970.5,48.1,285.8,1.4,86
2006,10,29,12,964.9,49.3,286.6,1.42,86
2006,10,29,18,964.8,50.3,287.6,1.52,86
2006,10,30,0,970.9,50.8,289.3,1.22,86
2006,10,30,6,975.9,50.9,292.1,0.98,86
2006,10,30,12,980,51.3,295.8,0.76,86
2006,10,30,18,980.3,55.8,300.1,0.57,86
2007,2,1,12,1005.4,29.9,257.3,0.08,87
2007,2,1,18,1005.5,27.3,267.3,0.87,87
2007,2,2,0,1003,30.4,274.1,0.57,87
2007,2,2,6,1003.5,33.1,282.1,0.65,87
2007,2,2,12,1002.1,38.3,289.3,0.12,87
2007,2,2,18,998.8,40.9,294.4,0.32,87
2007,2,3,0,994.7,43.5,299.1,0.44,87
2007,2,3,6,988.8,46.3,302.5,0.53,87
2007,2,3,12,984.8,49.5,304.4,0.41,87
2007,2,3,18,976.4,52.7,304.7,0.71,87
2007,2,4,0,971.5,54.3,303.6,1.12,87
2007,2,4,6,962.2,55.1,304.2,1.4,87
2007,2,4,12,955.4,56.7,302,1.41,87
2007,2,4,18,951.2,57.7,299.6,1.76,87
2007,2,5,0,955.7,58.2,298.4,1.6,87
2007,2,5,6,959.4,58.7,296.2,1.55,87
2007,2,5,12,962.6,58.6,293.1,1.57,87
2007,2,5,18,966.3,58.1,290.8,1.53,87
2007,2,6,0,969.8,57.4,291.1,1.14,87
2007,2,6,6,972.9,57.9,290,1.05,87
2007,2,6,12,976.7,58.7,284.9,1.22,87
2007,2,6,18,982.9,58.9,282.3,1.02,87
2007,2,7,0,986.6,59.6,278.2,1.24,87
2007,2,7,6,987.4,58.5,276.5,1.19,87
2007,2,7,12,989.6,58,278.2,0.83,87
2007,2,7,18,992.6,57.7,278.9,0.61,87
2007,2,8,0,995.2,56.5,279.6,0.5600000000000001,87
2007,2,8,6,993.7,54.9,281,0.58,87
2008,3,13,18,1004,42.4,257.4,0.19,88
2008,3,14,0,999.8,40.9,257.4,0.25,88
2008,3,14,6,1001.7,39.6,258.1,-0.01,88
2008,3,14,12,1001.8,38.6,257.9,-0.15,88
2008,3,14,18,997.5,37.1,257.8,0.23,88
2008,3,15,0,993,34.3,259.9,0.22,88
2008,3,15,6,995.1,33.4,263.8,0.19,88
2008,3,15,12,999.1,34.4,268.6,0.16,88
2008,3,15,18,1000.2,35.4,274.2,0.07000000000000001,88
2008,3,16,0,1000.4,35.3,279.8,0.14,88
2008,3,16,6,997.3,35.4,285.5,0.2,88
2008,3,16,12,994.9,36.1,290.4,0.35,88
2008,3,16,18,990,37.2,295.2,0.48,88
2008,3,17,0,980.7,38.6,298.9,0.83,88
2008,3,17,6,972.6,39.7,301.3,1.19,88
2008,3,17,12,968.7,40.4,303,1.39,88
2008,3,17,18,965.3,41.1,304.3,1.57,88
2008,3,18,0,964.4,41.4,305,1.77,88
2008,3,18,6,967.3,41.8,305.7,1.56,88
2008,3,18,12,972.8,42.5,306.2,1.42,88
2008,3,18,18,980.6,43,306.3,1.01,88
2008,3,19,0,985.9,42.5,306.6,0.7,88
2008,3,19,6,986.4,42.4,307.8,0.8,88
2008,3,19,12,989.4,41.5,307.1,0.72,88
2008,3,19,18,993.9,40.1,307.7,0.38,88
2008,3,20,0,998.7,39.2,309.9,0.21,88
2008,3,20,6,996,40.7,314,0.14,88
2008,3,20,12,996.8,42.6,312.8,0.02,88
2008,3,20,18,998.9,44.4,311.8,-0.14,88
2008,12,13,12,987.3,44.1,250.8,0.9,89
2008,12,13,18,983.7,42.8,253.6,1.25,89
2008,12,14,0,984.4,40.7,257.3,1.29,89
2008,12,14,6,987.7,39.7,260.4,1.71,89
2008,12,14,12,993.1,42.8,266,1.28,89
2008,12,14,18,993.6,44.5,268.3,1.18,89
2008,12,15,0,994,45.9,271.1,1.07,89
2008,12,15,6,993.6,46.8,273.9,1.13,89
2008,12,15,12,990.7,48.9,278,1.17,89
2008,12,15,18,982.4,51.7,282.6,1.29,89
2008,12,16,0,981.9,54,286.6,1.03,89
2008,12,16,6,987.3,55.2,290.8,0.85,89
2008,12,16,12,986.5,55.8,302.2,0.86,89
2008,12,8,18,995.8,37.6,258.8,0.8100000000000001,90
2008,12,9,0,996.9,38.1,262.8,1,90
2008,12,9,6,999.9,36.6,263.4,1.26,90
2008,12,9,12,1001.3,35,265.1,1.32,90
2008,12,9,18,1005.6,35,267.5,1.46,90
2008,12,10,0,1005.3,33.5,269,1.41,90
2008,12,10,6,1007.2,35,272.4,1.09,90
2008,12,10,12,1010.8,38.1,277.9,0.57,90
2008,12,10,18,1010.7,30.1,271.8,0.73,90
2008,12,11,0,1009.1,30.1,272.4,0.72,90
2008,12,11,6,1004.5,31.1,273.1,0.73,90
2008,12,11,12,1000.8,32.5,273.8,1.1,90
2008,12,11,18,1000.1,34.2,275.8,1.12,90
2008,12,12,0,999.3,35.4,279.3,1.17,90
2008,12,12,6,997.6,38.2,283.5,1.02,90
2008,12,12,12,994.8,40.7,287.2,1.1,90
2008,12,12,18,991,45.5,291.8,0.8100000000000001,90
2008,12,13,0,990.1,48.6,296.2,0.72,90
2008,12,13,6,989.3,51.9,301.5,0.6,90
2008,12,13,12,985.8,54.9,304.5,0.58,90
2008,12,13,18,982.1,57.1,307.6,0.46,90
2008,12,14,0,982.3,58.5,312.1,0.33,90
2008,12,14,6,987.5,59.9,316.9,0.11,90
2008,12,14,12,985.5,61,325.4,-0.09,90
2008,12,14,18,983.1,62,329,-0.14,90
2008,12,15,0,979.2,62.8,330.6,0.06,90
2008,12,15,6,976.5,63.5,331.2,0.09,90
2008,12,15,12,973.9,63.7,329,0.19,90
2008,12,15,18,970.6,64.1,328.7,0.27,90
2008,12,16,0,969.1,63,326,0.47,90
2008,12,16,6,966.2,63.3,329.7,0.37,90
2008,12,16,12,968.8,62.8,337.4,0.35,90
2008,12,16,18,969.5,64.7,346.5,0.25,90
2008,12,17,0,969.5,66.5,350.4,0.21,90
2008,12,17,6,967.7,68.7,353.2,0.22,90
2008,12,17,12,968,71.2,356.8,0.27,90
2008,12,17,18,967.8,73.1,357.5,0.3,90
2008,12,18,0,969,74.4,355.7,0.37,90
2009,3,23,0,990.5,42.1,255.8,1.28,91
2009,3,23,6,988.5,41.3,256.7,1.71,91
2009,3,23,12,987.6,41.3,258.2,1.38,91
2009,3,23,18,985.4,41.7,260.1,1.49,91
2009,3,24,0,986.8,43.3,261.8,1.46,91
2009,3,24,6,989.5,44.7,262.1,1.22,91
2009,3,24,12,993.5,45,262.6,1.03,91
2009,3,24,18,996.3,44.9,263.8,1.1,91
2009,3,25,0,995.7,45.4,265.6,0.99,91
2009,3,25,6,994.9,46.7,266.5,0.74,91
2009,3,25,12,993.7,48,267.3,0.64,91
2009,3,25,18,993.8,49.1,268.1,0.65,91
2009,3,26,0,996.4,50.2,269.8,0.65,91
2009,3,26,6,998.2,50.7,271.7,0.61,91
2009,10,28,0,991.9,38.1,255.9,0.85,92
2009,10,28,6,992.8,36.2,254.3,1.32,92
2009,10,28,12,992.6,36.1,256.1,1.21,92
2009,10,28,18,993.5,35.4,256.7,1.5,92
2009,10,29,0,994.8,33.7,258.3,1.21,92
2009,10,29,6,998.9,36.4,260.7,0.78,92
2009,10,29,12,1000.1,38.6,262.3,0.63,92
2009,10,29,18,1000.5,38.8,262.9,0.95,92
2009,10,30,0,997.6,39.6,263.9,0.79,92
2009,10,30,6,994.5,41.8,264.2,0.61,92
2009,10,30,12,990.7,44.5,265.6,0.6,92
2009,10,30,18,984.4,47.4,268.4,0.88,92
2009,10,31,0,978.5,48.7,270.6,0.92,92
2009,10,31,6,972.7,51.9,276.2,1.27,92
2009,10,31,12,960.9,55.4,281.1,1.46,92
2009,10,31,18,953.4,57,284.2,1.47,92
2009,11,1,0,954.5,57.6,287.6,1.36,92
2009,11,1,6,959.7,58.4,293.2,1.37,92
2009,11,1,12,960.1,60,303.3,1.37,92
2009,11,1,18,962.2,60.9,305.9,1.15,92
2009,11,2,0,969,60.8,308.2,1.1,92
2009,11,2,6,977,60.1,312,0.92,92
2009,12,23,18,1002.5,32.9,259.8,0.75,93
2009,12,24,0,999.3,31.9,261.9,0.87,93
2009,12,24,6,999.1,32.5,264.3,1.19,93
2009,12,24,12,997,33.5,265.6,1.45,93
2009,12,24,18,995.1,34.5,266.7,1.76,93
2009,12,25,0,991.7,36.5,268.1,1.44,93
2009,12,25,6,988.6,39.2,268.7,1.38,93
2009,12,25,12,987.9,41.6,268.4,1.45,93
2009,12,25,18,987.7,43.4,266.5,1.51,93
2009,12,26,0,991.2,43.5,265.6,1.3,93
2009,12,26,6,997.5,44,266,1.07,93
2009,12,26,12,1003.7,47.2,269.5,0.6,93
2010,11,28,6,1000.6,41.3,256.5,0.13,94
2010,11,28,12,996.4,41,256.5,0.37,94
2010,11,28,18,989.1,39.7,256.5,1.1,94
2010,11,29,0,990.2,39.1,258.2,1.31,94
2010,11,29,6,995.2,38.9,259.5,1.19,94
2010,11,29,12,997.8,39.9,262.7,0.95,94
2010,11,29,18,999.6,40.9,265.1,0.99,94
2010,11,30,0,1002,43.6,267.5,1,94
2010,11,30,6,1000.1,45.6,269.2,0.8,94
2010,11,30,12,996.2,46.9,270.9,0.87,94
2010,11,30,18,992,48.3,272.4,1,94
2010,12,1,0,993.6,50.2,274.7,0.98,94
2010,12,1,6,993.5,52.1,276.1,0.96,94
2010,12,1,12,993,54.2,277.5,1,94
2010,12,1,18,994.1,55.2,277.8,0.84,94
2010,12,2,0,995.3,55.1,278.4,0.78,94
2010,12,2,6,994.2,54.4,279.6,0.75,94
2010,12,2,12,992.8,55.5,279.5,0.6,94
2010,12,2,18,992.1,57.5,278.8,0.6,94
2010,12,3,0,993.3,59.7,278.1,0.5,94
2010,12,3,6,992,62.4,278.6,0.59,94
2010,12,3,12,993.9,65.6,279.8,0.54,94
2010,12,3,18,995.3,67.8,281.1,0.5,94
2010,12,4,0,999.3,69.4,281.6,0.38,94
2010,12,4,6,1002.2,71.2,281,0.3,94
2010,12,4,12,1002.1,73.1,284.6,0.34,94
2010,12,4,18,1000.5,74.7,289.5,0.26,94
2010,12,5,0,1000,76.8,291.8,0.19,94
2010,12,5,6,1003.8,78.8,291.8,0.11,94
2010,12,25,6,1015.3,28.3,267.2,-0.51,95
2010,12,25,12,1013,28.7,269.6,-0.21,95
2010,12,25,18,1010.4,28.8,272.7,-0.02,95
2010,12,26,0,1007.5,29.3,276.2,0.22,95
2010,12,26,6,1002.5,31.4,280,0.5,95
2010,12,26,12,995.2,33.2,283.9,0.75,95
2010,12,26,18,986.8,36.3,287.3,0.73,95
2010,12,27,0,978.3,38.7,289,1.04,95
2010,12,27,6,973.6,40.5,290.2,1.16,95
2010,12,27,12,968.5,41.5,291.4,1.4,95
2010,12,27,18,966,42.5,293.1,1.53,95
2010,12,28,0,965.4,43.5,295.5,1.48,95
2010,12,28,6,965.2,44.9,297.9,1.35,95
2010,12,28,12,965.6,46.2,299.4,1.02,95
2010,12,28,18,966.3,46.8,300.2,0.68,95
2010,12,29,0,970.7,46.8,301.1,0.45,95
2010,12,29,6,974.6,46.4,302.4,0.23,95
2010,12,29,12,978.2,45.8,304.5,0.19,95
2010,12,19,6,1006.7,30,283,-0.06,96
2010,12,19,12,1005.4,34.3,288,-0.28,96
2010,12,19,18,1001.8,35.7,290.1,-0.13,96
2010,12,20,0,998.2,36.8,292.3,0.08,96
2010,12,20,6,991.9,37.5,293.8,0.28,96
2010,12,20,12,986.4,38.6,295,0.45,96
2010,12,20,18,982.1,39.5,296.7,0.85,96
2010,12,21,0,979,40.5,297.9,1.29,96
2010,12,21,6,976,41,298.1,1.39,96
2010,12,21,12,972.4,41.8,300.2,1.6,96
2010,12,21,18,968,42.7,301.5,1.54,96
2010,12,22,0,967,42.1,301.2,1.49,96
2010,12,22,6,966.2,41.3,302.5,1.39,96
2010,12,22,12,965.9,41.3,305.3,1.31,96
2010,12,22,18,964.1,42.2,307.3,1.06,96
2010,12,23,0,965.1,42.8,308.9,1.03,96
2010,12,23,6,966.6,43.6,309.9,0.86,96
2010,12,23,12,967.7,44.3,310.5,0.78,96
2010,12,23,18,968.4,45.3,311.5,0.67,96
2010,12,24,0,968.4,46.1,311.1,0.67,96
2010,12,24,6,965.9,46.7,310.3,0.74,96
2010,12,24,12,965.2,46.9,309.7,0.87,96
2010,12,24,18,964.6,46.8,309.7,0.8,96
2010,12,25,0,966.3,47.1,311,0.79,96
2010,12,25,6,966.7,48.1,312.4,0.65,96
2010,12,25,12,967.2,48.3,312.6,0.61,96
2010,12,25,18,969.7,48.1,313.3,0.52,96
2010,12,26,0,972.7,47.9,315.4,0.45,96
2010,12,26,6,973.9,48.5,317.9,0.27,96
2010,12,26,12,976,48.5,319.8,0.2,96
2010,12,26,18,976.2,48.4,321.7,0.04,96
2010,12,27,0,977.3,48.5,323.5,-0.03,96
2010,12,27,6,979,48.4,325.4,-0.1,96
2010,12,27,12,983.1,48.3,328.2,-0.05,96
2010,12,27,18,985.4,48.3,330.4,-0.16,96
2010,12,28,0,990.9,45.6,331.4,-0.2,96
2010,12,28,6,994.9,43.2,333.5,-0.27,96
2010,12,28,12,999,38.9,341.7,0.21,96
2010,12,30,18,987.1,37.6,253.9,1.46,97
2010,12,31,0,989.2,35.9,257.1,1.43,97
2010,12,31,6,995,35.2,260.6,1.42,97
2010,12,31,12,1000,37.3,264.8,1.02,97
2010,12,31,18,1001.6,40.9,266.9,0.7,97
2011,1,1,0,1001.2,44.5,267.7,0.52,97
2011,1,1,6,999.6,46.4,267.2,0.39,97
2011,1,1,12,995,47.9,271,0.29,97
2011,1,1,18,991.8,49.9,274,0.73,97
2011,1,2,0,986,52.8,276.7,1.02,97
2011,1,2,6,978.8,55.4,276.6,1.24,97
2011,1,2,12,978.1,56.7,275.4,1.28,97
2011,1,2,18,978.2,57.6,274.9,1.37,97
2011,1,3,0,980.4,58.3,274.4,1.09,97
2011,1,3,6,982.3,58.7,273.9,0.91,97
2011,1,3,12,985.8,58.9,273,0.62,97
2011,1,3,18,988,58.9,272.3,0.39,97
2011,1,4,0,991.2,59.1,271.8,0.29,97
2011,1,4,6,993.9,59.5,270.7,-0.02,97
2011,1,4,12,997.8,59.4,269.4,-0.26,97
2011,1,4,18,1000.9,59.1,268.3,-0.52,97
2011,1,5,0,1004.2,59.3,267.4,-0.67,97
2011,1,5,6,1008.8,58.7,266.4,-0.91,97
2011,2,23,12,1007.9,38.5,258.3,-0.04,98
2011,2,23,18,1008.2,38,256.7,-0.03,98
2011,2,24,0,1004.2,37.1,255.4,0.11,98
2011,2,24,6,1006.5,34.5,257.4,0.24,98
2011,2,24,12,1005.1,34.6,259.1,0.31,98
2011,2,24,18,1003.2,34.6,262.4,0.71,98
2011,2,25,0,999.7,35.7,268.6,0.8,98
2011,2,25,6,997.6,37.6,274.2,0.65,98
2011,2,25,12,994.9,39.4,280.4,0.74,98
2011,2,25,18,990.7,40.4,285.8,0.95,98
2011,2,26,0,985.7,42.7,292.9,0.92,98
2011,2,26,6,981.8,43.9,297.6,1.16,98
2011,2,26,12,975.5,47.7,303,1.06,98
2011,2,26,18,967.4,50.4,306.6,1.04,98
2011,2,27,0,957,53.8,309.2,1.17,98
2011,2,27,6,948.4,56.4,310.3,1.21,98
2011,2,27,12,950,58,311.9,1.22,98
2011,2,27,18,954.6,59.4,314.3,1.16,98
2011,2,28,0,963.9,61,316.7,1.05,98
2011,2,28,6,970.5,62.3,319.4,0.85,98
2011,2,28,12,976.4,63.5,321.7,0.44,98
2011,2,28,18,979.2,64.5,323.8,0.21,98
2011,3,1,0,983,65.4,326,0.18,98
2011,3,1,6,987.3,65.9,327,0.23,98
2011,3,1,12,988.2,65.5,326,0.18,98
2011,3,1,18,989.9,65.8,328.2,0.21,98
2011,10,1,0,1003.5,42.6,285.7,0.63,99
2011,10,1,6,1003,40.2,287.1,0.61,99
2011,10,1,12,1001.6,40.3,288,0.44,99
2011,10,1,18,1002.7,41.2,289,0.45,99
2011,10,2,0,1005.5,40.7,288.8,0.4,99
2011,10,2,6,1005.7,39.8,288,0.46,99
2011,10,2,12,1007.2,40.6,286.4,0.21,99
2011,10,2,18,1007.4,41.4,287.9,0.1,99
2011,10,3,0,1010.2,42.1,287.6,-0.07000000000000001,99
2011,10,3,6,1012.9,42.6,284.5,-0.22,99
2011,10,3,12,1015,42.9,282.7,-0.37,99
2011,10,3,18,1016.3,42.8,282.9,-0.5600000000000001,99
2011,10,4,0,1016.7,42.3,286.5,-0.64,99
2011,10,4,6,1015.2,41.1,290.3,-0.59,99
2011,10,4,12,1013.7,41.8,291.1,-0.52,99
2011,10,4,18,1010.1,41.8,292.8,-0.29,99
2011,10,5,0,1005.4,41.8,296.7,0.1,99
2011,10,5,6,996.2,43.6,298.5,0.64,99
2011,10,5,12,986.6,45.2,299.3,0.85,99
2011,10,5,18,979.1,46.4,300.9,1.1,99
2011,10,6,0,980.7,47.5,302.6,1.26,99
2011,10,6,6,979.4,47.9,302.9,1.35,99
2011,10,6,12,979.3,48.3,304,1.28,99
2011,10,6,18,980.6,49.4,306,1.13,99
2011,10,7,0,982.9,51,308.3,1.13,99
2011,10,7,6,981.6,53.7,310.7,0.97,99
2011,10,7,12,980.9,55.1,311.9,0.78,99
2011,10,7,18,980.7,55.8,313.7,0.61,99
2011,10,8,0,983.7,57,317.1,0.53,99
2011,10,8,6,978.8,60.8,322.3,0.62,99
2011,10,8,12,979.2,62.8,326.5,0.52,99
2011,10,8,18,973.6,66.2,337.9,0.48,99
2011,10,9,0,969.7,67.2,342.5,0.58,99
2011,10,9,6,968.7,68.3,347.6,0.68,99
2011,10,9,12,968.2,69,350.4,0.64,99
2011,10,9,18,968.2,69.4,353,0.5600000000000001,99
2011,10,10,0,969.6,69.4,354.1,0.49,99
2011,10,10,6,971.7,69.4,356.6,0.41,99
2011,10,10,12,975.1,68.8,358.4,0.23,99
2011,10,10,18,975.9,68.6,2.1,0.23,99
2011,10,11,0,977.4,68.4,4.3,0.19,99
2011,10,11,6,979.7,67.7,6,-0.02,99
2011,10,11,12,983.9,67,9.4,-0.04,99
2011,10,14,6,992.7,44.2,276.8,0.33,100
2011,10,14,12,988.6,45.9,277.4,0.42,100
2011,10,14,18,985.3,48,277.3,0.66,100
2011,10,15,0,984.2,49.2,277.6,0.67,100
2011,10,15,6,981.4,49.1,280.2,0.8100000000000001,100
2011,10,15,12,976.9,50.2,282.2,0.92,100
2011,10,15,18,971.5,51.7,282.7,1.06,100
2011,10,16,0,967.4,53.4,282.3,1.14,100
2011,10,16,6,964,54.5,281.1,1.3,100
2011,10,16,12,963.2,55.1,279.8,1.35,100
2011,10,16,18,964.9,55.6,278.2,1.42,100
2011,10,17,0,967.7,55.6,277.4,1.21,100
2011,10,17,6,972.2,54.8,276.4,0.9,100
2011,10,17,12,976.2,53.8,276.5,0.6899999999999999,100
2011,10,17,18,981.3,52.8,277.3,0.46,100
2011,10,18,0,988.2,52.3,278.7,0.11,100
2011,10,18,6,992.8,51.7,280.4,-0.23,100
2011,10,18,12,997.2,51.8,282.7,-0.33,100
2011,10,18,18,997.7,52.5,286.9,-0.34,100
2011,10,24,6,1013.3,29.5,284.1,-0.97,101
2011,10,24,12,1014.2,31.3,285.4,-0.71,101
2011,10,24,18,1012.6,32.7,287,-0.51,101
2011,10,25,0,1009.3,34.7,290.4,-0.44,101
2011,10,25,6,1004,36.9,294.7,0.09,101
2011,10,25,12,998.4,38.1,297.9,0.33,101
2011,10,25,18,988.1,40.5,300.8,0.67,101
2011,10,26,0,974.9,42.4,303,1.07,101
2011,10,26,6,964.7,43.7,304.4,1.38,101
2011,10,26,12,959.8,44.7,306.2,1.53,101
2011,10,26,18,957.7,46.2,308.2,1.52,101
2011,10,27,0,957,47.4,310,1.49,101
2011,10,27,6,957.4,48.6,311.7,1.37,101
2011,10,27,12,961,49.4,313.2,1.25,101
2011,10,27,18,963.7,50.2,315.6,1.14,101
2011,10,28,0,967.6,50.7,318.1,0.9399999999999999,101
2011,10,28,6,971.7,51.3,321.3,0.8,101
2011,10,28,12,976,52.8,326.3,0.6899999999999999,101
2012,11,6,12,1012.1,32.4,287.7,-0.71,102
2012,11,6,18,1010.3,33.3,288.3,-0.59,102
2012,11,7,0,1005.8,34.4,287.8,-0.32,102
2012,11,7,6,998,35.9,288.7,0.28,102
2012,11,7,12,992.7,37.4,290,0.44,102
2012,11,7,18,988.7,38.4,290.4,0.54,102
2012,11,8,0,988.6,39.1,290.6,0.5600000000000001,102
2012,11,8,6,990.6,40,291.1,0.51,102
2012,11,8,12,993.4,40.8,291.4,0.28,102
2012,11,8,18,995.8,41.5,291.8,0.1,102
2012,11,9,0,996.9,41.7,292.7,0.3,102
2012,11,9,6,996.2,41.6,293.7,0.27,102
2012,11,9,12,997.6,42.4,297.1,0.39,102
2012,11,9,18,993,47.6,302,0.41,102
2012,11,10,0,983.1,51.4,304,0.44,102
2012,11,10,6,968.4,54.6,305.2,0.78,102
2012,11,10,12,957,56.6,305.3,1.07,102
2012,11,10,18,952.3,57.8,305.4,1.2,102
2012,11,11,0,955.6,57.6,306.1,1.33,102
2012,11,11,6,957.7,57.1,308.1,1.28,102
2012,11,11,12,962.5,56.7,311.2,1.08,102
2012,11,11,18,965.5,56.4,314.5,1.06,102
2012,11,12,0,970,56.2,318.8,0.89,102
2012,11,12,6,972.4,56.4,323,0.97,102
2012,11,12,12,968.8,57.2,326.7,0.93,102
2012,11,12,18,967.7,60.8,326.2,0.73,102
2012,11,27,12,1020.6,36.4,280.5,-0.6899999999999999,103
2012,11,27,18,1019.4,36.9,285.6,-0.75,103
2012,11,28,0,1017.6,37.8,289.6,-0.79,103
2012,11,28,6,1015.2,38.7,292.4,-0.49,103
2012,11,28,12,1012.1,39.7,295.2,-0.34,103
2012,11,28,18,1006.5,42.3,302,-0.22,103
2012,11,29,0,1004.8,44.6,305.6,-0.15,103
2012,11,29,6,1001.2,42.3,302.7,0.39,103
2012,11,29,12,997.6,43.5,305.4,0.6899999999999999,103
2012,11,29,18,988.4,47.2,308.2,0.67,103
2012,11,30,0,970.3,50.6,309.4,0.9,103
2012,11,30,6,952.1,53.4,310.1,1.33,103
2012,11,30,12,947.6,55.5,310.4,1.48,103
2012,11,30,18,949.8,56.7,310,1.57,103
2012,12,1,0,953.7,57.2,309.8,1.43,103
2012,12,1,6,957.7,57.3,310.3,1.33,103
2012,12,1,12,966.6,57.4,312.5,1.05,103
2012,12,1,18,970.5,57.7,314.9,0.8100000000000001,103
2012,12,2,0,976,58.1,317.3,0.55,103
2012,12,2,6,978,58.4,320.6,0.48,103
2012,12,2,12,980.8,58.9,324.3,0.23,103
2012,12,2,18,982.3,59.5,328.3,0.13,103
2012,12,3,0,985.4,59.6,332.4,0.17,103
2012,12,3,6,987.8,60.1,336.3,0.08,103
2012,12,3,12,991.9,59.9,339.8,-0.01,103
2012,12,3,18,994.8,59.5,344.4,-0.1,103
2012,12,4,0,996.1,58.3,348,-0.15,103
2012,12,4,6,997.5,57.1,350.4,-0.17,103
2012,12,4,12,999.7,55.6,352.2,-0.19,103
2012,12,4,18,1002,53.6,355,-0.18,103
2012,12,5,0,1001.8,51.6,357.8,-0.11,103
2013,2,2,6,1018.8,42,264.7,0.02,104
2013,2,2,12,1017.9,40.9,269.8,-0.01,104
2013,2,2,18,1015.8,40.9,274.3,-0.4,104
2013,2,3,0,1016.4,41.3,278.4,-0.39,104
2013,2,3,6,1015.9,36.8,283.4,-0.49,104
2013,2,3,12,1011,37.3,289.5,-0.61,104
2013,2,3,18,1005.7,38.4,291.7,-0.24,104
2013,2,4,0,999.6,38,294.7,0.39,104
2013,2,4,6,987,40.1,298.5,0.74,104
2013,2,4,12,972.7,44,301.2,1.13,104
2013,2,4,18,959.2,48.3,301.6,1.24,104
2013,2,5,0,954.1,51.9,301.9,1.24,104
2013,2,5,6,949.7,54.6,301,1.33,104
2013,2,5,12,951.4,56.3,300,1.25,104
2013,2,5,18,953.8,57.4,300.2,1.36,104
2013,2,6,0,959.5,58.3,300.5,1.24,104
2013,2,6,6,966.1,58.9,301.8,1.01,104
2013,2,6,12,973,60.2,302.1,0.85,104
2013,2,6,18,978.7,61.5,302.7,0.5,104
2013,2,7,0,983.3,62.9,301.6,0.42,104
2013,2,7,6,986.3,63.9,300.3,0.26,104
2013,2,7,12,991.6,64,298.9,0.17,104
2013,2,7,18,995.2,63.9,298.4,0.04,104
2013,2,8,0,997,64.1,299.9,-0.11,104
2013,2,8,6,998.8,63.9,300.7,-0.13,104
2013,2,15,18,1014.9,30.7,285.1,-0.54,105
2013,2,16,0,1013.3,34,289.7,-0.63,105
2013,2,16,6,1011.7,35.2,288.7,-0.61,105
2013,2,16,12,1010.5,36.1,288.8,-0.72,105
2013,2,16,18,1007.2,34.9,286.8,-0.22,105
2013,2,17,0,1001.4,35.2,287.6,0.35,105
2013,2,17,6,992.1,36.9,289.8,0.76,105
2013,2,17,12,977.6,39.8,293.2,1.19,105
2013,2,17,18,964.2,43,295.7,1.37,105
2013,2,18,0,955.8,45.7,297.4,1.52,105
2013,2,18,6,955.6,47.4,298.4,1.45,105
2013,2,18,12,960.3,48.4,299.7,1.26,105
2013,2,18,18,964.7,49.1,300.9,1.08,105
2013,2,19,0,971.6,49.5,302.3,0.85,105
2013,2,19,6,976.5,49.2,304,0.62,105
2013,2,19,12,980.8,48.9,306.2,0.59,105
2013,3,23,18,1003.2,25,262.7,0.37,106
2013,3,24,0,1001.1,29.8,268.2,0.22,106
2013,3,24,6,1001.4,32.4,270.6,0.25,106
2013,3,24,12,999.8,32.7,274.6,0.62,106
2013,3,24,18,997.7,33.2,281.2,0.71,106
2013,3,25,0,996.2,34.1,286,0.64,106
2013,3,25,6,996.3,35.1,287.3,0.58,106
2013,3,25,12,994,37,287.4,0.32,106
2013,3,25,18,988.3,38.1,288.9,0.37,106
2013,3,26,0,984.3,38.6,291,0.66,106
2013,3,26,6,981.7,39.4,295,0.91,106
2013,3,26,12,976,40.3,299.4,1.13,106
2013,3,26,18,972,41.1,303.5,1.24,106
2013,3,27,0,968.3,42.5,309.2,1.57,106
2013,3,27,6,962.5,45.4,317.1,1.45,106
2013,3,27,12,956,46.9,320.8,1.69,106
2013,3,27,18,952.6,49.2,322.8,1.6,106
2013,3,28,0,950.8,50.7,321.7,1.59,106
2013,3,28,6,950.2,51.3,319.8,1.41,106
2013,3,28,12,950.5,50.8,319.4,1.29,106
2013,3,28,18,952.4,50.9,318.9,1.19,106
2013,3,29,0,955.3,50.8,318.9,1.15,106
2013,3,29,6,958.3,50.9,318.3,1.02,106
2013,3,29,12,961.2,51.4,318,0.85,106
2013,3,29,18,962,51.7,317.2,0.79,106
2013,3,30,0,966.7,51.5,315.8,0.6899999999999999,106
2013,3,30,6,967.8,50.9,314.4,0.58,106
2013,3,30,12,971.5,50.3,314.6,0.44,106
2013,3,30,18,974.6,49.7,316.2,0.31,106
2013,3,31,0,977.6,49.4,318.9,0.31,106
2013,3,31,6,978.7,49.3,321,0.2,106
2013,3,31,12,980.9,49.3,322.8,0.23,106
2013,3,31,18,981.3,49.2,324.7,0.22,106
2013,11,17,0,990.4,39.9,258.6,0.75,107
2013,11,17,6,991.5,39.7,262,0.97,107
2013,11,17,12,991.5,41.1,266.8,0.8100000000000001,107
2013,11,17,18,988.3,44.9,272,1.19,107
2013,11,18,0,982.3,46.8,275.7,1.16,107
2013,11,18,6,973.8,48.5,278.7,1.38,107
2013,11,18,12,968.5,50.4,280.9,1.38,107
2013,11,18,18,967.2,52,282.7,1.47,107
2013,11,19,0,972.2,53.2,284.7,1.42,107
2013,11,19,6,975.8,56.4,290,1.2,107
2013,11,19,12,976.1,60,294.7,1.05,107
2013,11,19,18,974.8,62.7,298.6,1.07,107
2013,11,20,0,975.8,67.7,301.5,0.93,107
2013,11,20,6,977.3,71.9,303,0.77,107
2013,11,20,12,981.8,76.8,302.5,0.42,107
2013,11,20,18,985.1,80.5,309.5,0.12,107
2013,11,21,0,989.5,83.2,315.8,-0.09,107
2013,11,21,6,993.1,84.3,306.6,-0.11,107
2013,11,21,12,997,85.6,307.5,0.05,107
2013,11,21,18,998.9,87.1,342.3,0.13,107
2013,11,24,0,1013.9,25.2,268.2,0.24,108
2013,11,24,6,1014.4,24,268.1,0.22,108
2013,11,24,12,1014,23,268.4,0.16,108
2013,11,24,18,1014,22.7,268.4,0.24,108
2013,11,25,0,1013.5,22.8,267.6,0.19,108
2013,11,25,6,1014,23,267.3,0.02,108
2013,11,25,12,1013.8,25,266.4,-0.09,108
2013,11,25,18,1013.1,26.3,266.7,0.12,108
2013,11,26,0,1009.2,27.1,267.7,0.13,108
2013,11,26,6,1009.2,28.8,269.7,0.45,108
2013,11,26,12,1006.9,29.9,271.8,0.76,108
2013,11,26,18,1005.6,31.7,274.5,1.05,108
2013,11,27,0,1005.2,35.5,279.8,0.9,108
2013,11,27,6,1000.1,39.1,283.6,0.92,108
2013,11,27,12,995.8,42,286.5,1.03,108
2013,11,27,18,992.1,45.6,289,1.09,108
2013,11,28,0,987.9,48.4,291.7,1.08,108
2013,11,28,6,981.2,50.3,294.1,1.39,108
2013,11,28,12,978.1,53.3,296.9,1.37,108
2013,11,28,18,973.9,56.2,299.4,1.45,108
2013,11,29,0,967.2,57.9,301.1,1.63,108
2013,11,29,6,959.2,60.3,303.3,1.64,108
2013,11,29,12,964.4,61.5,304.9,1.54,108
2013,11,29,18,969.9,63.5,307,1.21,108
2013,11,30,0,977.4,66.6,309.3,0.76,108
2013,12,10,0,1007.1,42.1,291,0.2,109
2013,12,10,6,1005.1,43.5,296.2,0.12,109
2013,12,10,12,1001.2,44.9,301.4,0.02,109
2013,12,10,18,997,47,304.9,-0.27,109
2013,12,11,0,992.7,48.1,310.1,-0.29,109
2013,12,11,6,983.5,50.1,315.2,-0.4,109
2013,12,11,12,973.4,52.2,317.5,-0.13,109
2013,12,11,18,961.9,54.1,319.4,0.33,109
2013,12,12,0,954.3,55.8,320,0.7,109
2013,12,12,6,951.9,57.2,319.1,1.06,109
2013,12,12,12,944.1,58.2,317.7,1.29,109
2013,12,12,18,941.6,58.5,315.7,1.33,109
2013,12,13,0,945.1,59,314.5,1.37,109
2013,12,13,6,949.8,59.6,311.1,1.27,109
2013,12,13,12,952.7,59.9,309.8,1.15,109
2013,12,13,18,954.3,59.6,309.3,0.9399999999999999,109
2013,12,14,0,957.6,59.1,310,0.78,109
2013,12,14,6,960.4,58.3,313.4,0.51,109
2013,12,14,12,958.7,58.5,318.2,0.24,109
2013,12,14,18,956.8,59.2,321,0.19,109
2013,12,15,0,955.2,60.1,323.2,0.12,109
2013,12,15,6,955.8,60.5,324.9,0.19,109
2013,12,15,12,958.9,60.9,327.3,0.17,109
2013,12,15,18,959.9,61,330.3,0.19,109
2013,12,16,0,963.1,61.4,334.6,0.17,109
2013,12,16,6,966.1,62.1,338.3,0.12,109
2013,12,16,12,968,63.3,343.6,0.2,109
2014,1,2,0,1013,35.1,266.4,-0.07000000000000001,110
2014,1,2,6,1013.6,35.8,270.1,0.04,110
2014,1,2,12,1011.7,37.6,275,0.03,110
2014,1,2,18,1007.2,37.9,278.8,0.22,110
2014,1,3,0,1003.1,35.9,282.5,0.8100000000000001,110
2014,1,3,6,990.7,37.7,289.5,1.14,110
2014,1,3,12,980.6,39.9,295.1,1.39,110
2014,1,3,18,975.6,42,300.5,1.39,110
2014,1,4,0,967.7,44.4,306.1,1.29,110
2014,1,4,6,953.8,47.4,311.3,1.06,110
2014,1,4,12,937.6,49.6,315,1.24,110
2014,1,4,18,932.9,50.8,318.9,1.4,110
2014,1,5,0,933.9,51.2,322.5,1.52,110
2014,1,5,6,939.1,51,326.7,1.41,110
2014,1,5,12,943,51.5,331.7,1.29,110
2014,1,5,18,944.6,52.3,335.6,1.07,110
2014,1,6,0,946.5,53.7,340,0.88,110
2014,1,6,6,949.2,55,342.9,0.6899999999999999,110
2014,1,6,12,953.4,56.5,345.2,0.53,110
2014,1,6,18,956.7,58.1,347.6,0.4,110
2014,1,7,0,960.6,59.4,349.6,0.31,110
2014,1,7,6,965.3,60.7,352.2,0.19,110
2014,1,7,12,969.7,61.8,354,0.24,110
2014,1,7,18,974,63.1,356.8,0.15,110
2014,1,8,0,978.5,63.4,358,0.16,110
2014,1,8,6,982.7,63.7,0,-0.07000000000000001,110
2014,1,8,12,986.4,63.7,0.6,-0.18,110
2014,1,8,18,989.3,63.5,1.6,-0.34,110
2014,1,9,0,991.4,62.9,1.1,-0.41,110
2014,1,9,6,992,62,1.2,-0.41,110
2014,2,12,12,1015,29.9,281,-0.14,111
2014,2,12,18,1012.5,30.5,280.9,0.16,111
2014,2,13,0,1007.2,31.9,281.3,0.44,111
2014,2,13,6,1001.1,33.6,282.7,0.72,111
2014,2,13,12,997.5,35.7,284.4,0.88,111
2014,2,13,18,991.3,37.8,286.3,0.9399999999999999,111
2014,2,14,0,985.8,39.3,287.8,1.08,111
2014,2,14,6,979,41.6,289.6,1.35,111
2014,2,14,12,973.3,43.4,291.4,1.49,111
2014,2,14,18,970.4,45.8,294.4,1.41,111
2014,2,15,0,970.9,48,298.6,1.35,111
2014,2,15,6,966.9,52.1,307.8,1,111
2014,2,15,12,965.3,53.5,311.1,0.9399999999999999,111
2014,2,15,18,967.7,54.4,315.4,0.78,111
2014,2,16,0,974.6,55.2,320.4,0.53,111
2014,2,16,6,976.1,55.4,329.1,0.33,111
2014,2,16,12,978,55.2,334.2,0.24,111
2014,2,16,18,978.8,54.7,340.3,0.15,111
2014,2,17,0,981.8,54.4,341.6,-0.05,111
2014,2,17,6,987,53.9,343,-0.27,111
2014,2,17,12,993.2,53.3,345,-0.42,111
2014,2,17,18,996.9,54.1,349.5,-0.52,111
2014,2,18,0,999.6,55,352,-0.46,111
2014,2,18,6,1000.4,55.6,353.2,-0.61,111
2014,2,18,12,1002.1,55.8,352.7,-0.52,111
2014,2,19,18,996.5,43.6,255.5,0.79,112
2014,2,20,0,992.9,39.1,256.9,1.04,112
2014,2,20,6,993.2,36.9,259.4,1.25,112
2014,2,20,12,992.2,37.8,264.3,1.19,112
2014,2,20,18,990.1,40.3,268.1,1.35,112
2014,2,21,0,985.9,43.4,269.9,1.07,112
2014,2,21,6,980,45.6,271.2,0.9,112
2014,2,21,12,976.2,47.4,272,1.07,112
2014,2,21,18,977,48.9,273.1,1.31,112
2014,2,22,0,978.1,50.7,275.2,1.53,112
2014,2,22,6,977.8,52.6,276.4,1.67,112
2014,2,22,12,977.6,54.3,276.6,1.53,112
2014,2,22,18,979.6,55.2,276.3,1.35,112
2014,2,23,0,985.4,55.5,276.2,1.11,112
2014,2,23,6,989.5,55.2,276.5,0.84,112
2014,2,23,12,993,55,276.7,0.64,112
2014,2,23,18,996.2,54.7,277.3,0.31,112
2014,2,24,0,999.1,54.4,278.4,0.15,112
2014,2,24,6,1000,53.7,279.7,-0.07000000000000001,112
2014,2,24,12,1000.9,53.4,281.2,-0.11,112
2014,2,24,18,999.1,52.9,286.4,-0.43,112
2014,11,2,0,995.6,36.1,287.9,1.42,113
2014,11,2,6,989.5,37.3,289.6,1.8,113
2014,11,2,12,986.1,38.8,291.7,1.7,113
2014,11,2,18,982.5,41.6,294.2,1.32,113
2014,11,3,0,980.3,44,295.9,1.41,113
2014,11,3,6,977.6,46.7,297.3,1.29,113
2014,11,3,12,979.6,48.7,298,0.96,113
2014,11,3,18,986.5,49.3,298.4,0.63,113
2014,11,4,0,993.4,49.3,298.9,0.44,113
2014,11,4,6,997.2,48.5,300.1,0.23,113
2014,11,4,12,1000.8,47.9,301.9,0.13,113
2014,11,4,18,1002.7,47.4,304.2,-0,113
2014,12,23,0,1000.3,33.6,255.3,0.37,114
2014,12,23,6,1001.7,29.1,260.3,0.44,114
2014,12,23,12,999.1,27.4,262.3,0.47,114
2014,12,23,18,1000.4,30.2,267.7,1.12,114
2014,12,24,0,1000.8,33.9,270.6,0.83,114
2014,12,24,6,1002.5,39.5,274.4,0.06,114
2014,12,24,12,1000,41,276.3,0.02,114
2014,12,24,18,995.1,42.5,277.2,0.03,114
2014,12,25,0,988.8,44.4,279,0.19,114
2014,12,25,6,981.2,47.3,281.3,0.4,114
2014,12,25,12,976.1,50.4,284.2,0.66,114
2014,12,25,18,971.4,52.5,286.6,1.05,114
2014,12,26,0,970.8,54.2,289,1.42,114
2014,12,26,6,969.9,55.7,293,1.49,114
2014,12,26,12,967.6,57.6,295.8,1.46,114
2014,12,26,18,965.7,58.6,296.1,1.41,114
2014,12,27,0,969.3,58.9,296.3,1.24,114
2014,12,27,6,972.2,59,297.1,1.13,114
2014,12,27,12,975.8,58.8,298.8,0.89,114
2014,12,27,18,977.9,59.2,300.7,0.6899999999999999,114
2014,12,28,0,980.3,59.8,302.2,0.42,114
2014,12,28,6,980.7,60.6,302.9,0.32,114
2014,12,28,12,981.5,61.3,303.4,0.13,114
2014,12,28,18,980.8,62.4,303.4,0.02,114
2014,12,29,0,980.4,63.1,304,-0.11,114
2014,12,29,6,979,63.9,304.3,-0.09,114
2014,12,29,12,978.8,64,304.1,-0.1,114
2014,12,29,18,979.8,64.1,304.5,-0.19,114
2014,12,30,0,982.6,64.4,303.9,-0.19,114
2014,12,30,6,984.4,63.9,302.8,-0.3,114
2016,3,19,6,1010.7,34.7,274.2,-0.55,115
2016,3,19,12,1011,35.2,276.6,-0.52,115
2016,3,19,18,1010.3,34.4,278.3,-0.41,115
2016,3,20,0,1010.1,34.4,285.2,-0.45,115
2016,3,20,6,1008.8,35.2,288.2,-0.37,115
2016,3,20,12,1009.6,35.5,289.1,-0.4,115
2016,3,20,18,1008.2,35.6,289.3,-0.39,115
2016,3,21,0,1005.9,36.6,290.1,-0.33,115
2016,3,21,6,1000.4,38.4,292.5,-0.03,115
2016,3,21,12,995.5,40.5,295,0.2,115
2016,3,21,18,990.5,42.8,297.4,0.37,115
2016,3,22,0,986.4,45.4,299.6,0.5600000000000001,115
2016,3,22,6,978.2,48.4,301.3,0.68,115
2016,3,22,12,970.6,51,303.6,0.89,115
2016,3,22,18,958.1,53.8,305.1,1.09,115
2016,3,23,0,949.2,55.3,304.8,1.33,115
2016,3,23,6,949.4,55.8,305.1,1.47,115
2016,3,23,12,954.9,56.2,305.9,1.43,115
2016,3,23,18,958.8,56.5,307.6,1.36,115
2016,3,24,0,962.1,56.7,308.9,1.27,115
2016,3,24,6,963.9,56.5,309.6,1.14,115
2016,3,24,12,967,56,311.2,0.86,115
2016,3,24,18,970.3,55.5,314,0.75,115
2016,3,25,0,973.8,55.4,317.6,0.75,115
1993,3,12,12,1004.4,25.8,263.7,0.87,116
1993,3,12,18,998.2,26.9,267.9,1.41,116
1993,3,13,0,993.3,28.2,271.8,1.94,116
1993,3,13,6,987,30,275.4,2.27,116
1993,3,13,12,976.2,32.8,278.3,2.75,116
1993,3,13,18,969.5,35.8,281.8,2.91,116
1993,3,14,0,966,38.6,284.6,2.92,116
1993,3,14,6,965.1,41,287.2,2.38,116
1993,3,14,12,965.6,44.3,290.7,2.04,116
1993,3,14,18,965.4,47.4,294.9,1.67,116
1993,3,15,0,970.9,50.1,300,1.2,116
1993,3,15,6,964.9,54.8,307.8,0.84,116
1993,3,15,12,965.1,56.5,311.4,0.9,116
1993,3,15,18,969,57.9,314.7,0.96,116
1993,3,16,0,972.4,58.9,318,0.82,116
1998,11,9,6,1002.2,37.9,254.5,0.45,117
1998,11,9,12,998.6,37.2,255.2,0.71,117
1998,11,9,18,995.3,36.6,257.6,1.42,117
1998,11,10,0,994.2,38.5,262.2,1.23,117
1998,11,10,6,985.4,40.9,264.5,1.25,117
1998,11,10,12,973.1,43.5,266.2,1.38,117
1998,11,10,18,966.6,45.8,268,1.81,117
1998,11,11,0,967,47.5,270.1,1.74,117
1998,11,11,6,970.5,49.8,273.1,1.77,117
1998,11,11,12,969.3,53.3,275.4,1.65,117
1998,11,11,18,970,55.5,276.5,1.61,117
1998,11,12,0,971.2,56.8,277.7,1.53,117
1998,11,12,6,971.7,57.8,278.5,1.39,117
1998,11,12,12,975.4,58.4,279.3,1.19,117
1998,11,12,18,979.2,58.3,280.8,1.03,117
1998,11,13,0,983.7,58.5,282.7,0.82,117
1998,11,13,6,987.4,58.7,283.7,0.77,117
2010,10,24,18,991.7,49.2,247.8,0.58,118
2010,10,25,0,987.1,49.5,250.2,0.35,118
2010,10,25,6,985.1,45.6,254.4,0.87,118
2010,10,25,12,982.6,44.4,258,0.67,118
2010,10,25,18,981.8,45.9,260.8,0.75,118
2010,10,26,0,981.5,46.8,262.6,0.79,118
2010,10,26,6,975.7,45.3,265,0.91,118
2010,10,26,12,967.5,46.5,266.3,1.23,118
2010,10,26,18,958.6,47.9,266.8,1.73,118
2010,10,27,0,957.5,48.9,266.7,1.53,118
2010,10,27,6,960.9,49.3,267.2,1.77,118
2010,10,27,12,966.4,50.1,268.9,1.78,118
2010,10,27,18,972.2,50.9,270.7,1.8,118
2010,10,28,0,978.9,51.7,273.7,1.34,118
2010,10,28,6,983,52.1,276.1,0.98,118
2010,10,28,12,986.4,52.8,278.7,0.68,118
2010,10,28,18,990.2,53.6,282.2,0.5600000000000001,118
2010,10,29,0,992.5,54.8,284.1,0.29,118
2010,10,29,6,996.2,54.1,288.7,-0.09,118
2010,10,29,0,992.5,54.8,284.1,0.29,119
2010,10,29,6,996.2,54.1,288.7,-0.09,119
